Title,Date
"How to Sell Drugs Online (Fast): Season 2: Don't be evil.","27/07/2020"
"How to Sell Drugs Online (Fast): Season 2: Move Fast and Break Things","26/07/2020"
"How to Sell Drugs Online (Fast): Season 2: Buy It. Sell It. Love It.","26/07/2020"
"How to Sell Drugs Online (Fast): Season 2: Inspired by Real Life","26/07/2020"
"How to Sell Drugs Online (Fast): Season 2: Where Do You Want to Go Today?","26/07/2020"
"How to Sell Drugs Online (Fast): Season 2: Think Different","26/07/2020"
"13 Reasons Why: Season 4: Graduation","25/07/2020"
"13 Reasons Why: Season 4: Prom","24/07/2020"
"13 Reasons Why: Season 4: Acceptance/Rejection","23/07/2020"
"13 Reasons Why: Season 4: College Interview","23/07/2020"
"13 Reasons Why: Season 4: Thursday","23/07/2020"
"13 Reasons Why: Season 4: House Party","22/07/2020"
"13 Reasons Why: Season 4: Senior Camping Trip","21/07/2020"
"13 Reasons Why: Season 4: Valentine's Day","21/07/2020"
"13 Reasons Why: Season 4: College Tour","19/07/2020"
"13 Reasons Why: Season 4: Winter Break","19/07/2020"
"Prison Break: Season 4: Killing Your Number","19/07/2020"
"Prison Break: Season 4: Rate of Exchange","16/07/2020"
"Prison Break: Season 4: Cowboys & Indians","16/07/2020"
"Prison Break: Season 4: S.O.B.","15/07/2020"
"Prison Break: Season 4: Versus","15/07/2020"
"Prison Break: Season 4: The Mother Lode","15/07/2020"
"Prison Break: Season 4: The Sunshine State","15/07/2020"
"Prison Break: Season 4: Going Under","15/07/2020"
"Prison Break: Season 4: Just Business","14/07/2020"
"Prison Break: Season 4: Deal or No Deal","13/07/2020"
"Prison Break: Season 4: Selfless","13/07/2020"
"Prison Break: Season 4: Quiet Riot","13/07/2020"
"Prison Break: Season 4: The Legend","12/07/2020"
"Prison Break: Season 4: Greatness Achieved","09/07/2020"
"Prison Break: Season 4: The Price","09/07/2020"
"Prison Break: Season 4: Five the Hard Way","09/07/2020"
"Prison Break: Season 4: Blow Out","08/07/2020"
"Prison Break: Season 4: Safe & Sound","07/07/2020"
"Prison Break: Season 4: Eagles & Angels","07/07/2020"
"Prison Break: Season 4: Shut Down","05/07/2020"
"Prison Break: Season 4: Breaking & Entering","05/07/2020"
"Prison Break: Season 4: Scylla","02/07/2020"
"Prison Break: Season 3: The Art of the Deal","01/07/2020"
"Prison Break: Season 3: Hell or High Water","30/06/2020"
"Prison Break: Season 3: Under & Out","29/06/2020"
"Prison Break: Season 3: Dirt Nap","29/06/2020"
"Prison Break: Season 3: Boxed In","29/06/2020"
"Prison Break: Season 3: Bang and Burn","29/06/2020"
"Prison Break: Season 3: Vamonos","29/06/2020"
"Prison Break: Season 3: Photo Finish","28/06/2020"
"Prison Break: Season 3: Interference","26/06/2020"
"Prison Break: Season 3: Good Fences","24/06/2020"
"Prison Break: Season 3: Call Waiting","23/06/2020"
"Prison Break: Season 3: Fire / Water","21/06/2020"
"Prison Break: Season 3: Orientación","21/06/2020"
"Jeffrey Epstein: Filthy Rich: Limited Series: Hunting Grounds","19/06/2020"
"Prison Break: Season 2: Sona","19/06/2020"
"Prison Break: Season 2: Fin del Camino","18/06/2020"
"Prison Break: Season 2: Panama","18/06/2020"
"Prison Break: Season 2: Sweet Caroline","18/06/2020"
"Prison Break: Season 2: Wash","17/06/2020"
"Prison Break: Season 2: Bad Blood","17/06/2020"
"Prison Break: Season 2: Chicago","17/06/2020"
"Prison Break: Season 2: The Message","17/06/2020"
"Prison Break: Season 2: John Doe","16/06/2020"
"Prison Break: Season 2: The Killing Box","16/06/2020"
"Prison Break: Season 2: Disconnect","16/06/2020"
"Prison Break: Season 2: Bolshoi Booze","15/06/2020"
"Prison Break: Season 2: Rendezvous","15/06/2020"
"Prison Break: Season 2: Unearthed","14/06/2020"
"Prison Break: Season 2: Dead Fall","14/06/2020"
"Prison Break: Season 2: Buried","13/06/2020"
"Prison Break: Season 2: Subdivision","12/06/2020"
"Prison Break: Season 2: Map 1213","12/06/2020"
"Prison Break: Season 2: First Down","12/06/2020"
"Prison Break: Season 2: Scan","12/06/2020"
"Prison Break: Season 2: Otis","11/06/2020"
"Prison Break: Season 2: Manhunt","11/06/2020"
"Prison Break: Season 1: Flight","11/06/2020"
"Prison Break: Season 1: Go","11/06/2020"
"Prison Break: Season 1: Tonight","10/06/2020"
"Prison Break: Season 1: The Key","10/06/2020"
"Prison Break: Season 1: Bluff","10/06/2020"
"Prison Break: Season 1: J-Cat","10/06/2020"
"Prison Break: Season 1: Brother's Keeper","10/06/2020"
"Prison Break: Season 1: By the Skin and the Teeth","10/06/2020"
"Prison Break: Season 1: The Rat","09/06/2020"
"Prison Break: Season 1: End of the Tunnel","09/06/2020"
"Prison Break: Season 1: Odd Man Out","09/06/2020"
"Prison Break: Season 1: And Then There Were 7","08/06/2020"
"Prison Break: Season 1: Sleight of Hand","08/06/2020"
"Prison Break: Season 1: Tweener","08/06/2020"
"Prison Break: Season 1: The Old Head","08/06/2020"
"Prison Break: Season 1: Riots, Drills and the Devil: Part 2","08/06/2020"
"Prison Break: Season 1: Riots, Drills and the Devil: Part 1","07/06/2020"
"Prison Break: Season 1: English, Fitz or Percy","07/06/2020"
"Prison Break: Season 1: Cute Poison","07/06/2020"
"Prison Break: Season 1: Cell Test","07/06/2020"
"Prison Break: Season 1: Allen","04/06/2020"
"Prison Break: Season 1: Pilot","04/06/2020"
"Brooklyn Nine-Nine: Season 5: Jake & Amy","02/06/2020"
"Brooklyn Nine-Nine: Season 5: White Whale","02/06/2020"
"Brooklyn Nine-Nine: Season 5: Show Me Going","02/06/2020"
"Brooklyn Nine-Nine: Season 5: Bachelor/ette Party","02/06/2020"
"Brooklyn Nine-Nine: Season 5: Gray Star Mutual","02/06/2020"
"Brooklyn Nine-Nine: Season 5: DFW","02/06/2020"
"Brooklyn Nine-Nine: Season 5: NutriBoom","02/06/2020"
"Brooklyn Nine-Nine: Season 5: The Puzzle Master","02/06/2020"
"Brooklyn Nine-Nine: Season 5: The Box","01/06/2020"
"Brooklyn Nine-Nine: Season 5: Safe House","01/06/2020"
"Brooklyn Nine-Nine: Season 5: The Negotiation","01/06/2020"
"Brooklyn Nine-Nine: Season 3: Paranoia","28/05/2020"
"Brooklyn Nine-Nine: Season 3: Terry Kitties","28/05/2020"
"The Last Kingdom: Season 4: Episode 10","24/05/2020"
"The Last Kingdom: Season 4: Episode 9","24/05/2020"
"Brooklyn Nine-Nine: Season 2: Lockdown","24/05/2020"
"Brooklyn Nine-Nine: Season 2: Jake and Sophia","23/05/2020"
"The Last Kingdom: Season 4: Episode 8","21/05/2020"
"The Last Kingdom: Season 4: Episode 7","21/05/2020"
"The Last Kingdom: Season 4: Episode 6","19/05/2020"
"The Last Kingdom: Season 4: Episode 5","19/05/2020"
"The Last Kingdom: Season 4: Episode 4","15/05/2020"
"The Last Kingdom: Season 4: Episode 3","15/05/2020"
"The Last Kingdom: Season 4: Episode 2","11/05/2020"
"The Big Bang Theory: Season 10: The Separation Agitation","10/05/2020"
"The Last Kingdom: Season 4: Episode 1","09/05/2020"
"Unorthodox: Limited Series: Part 4","03/05/2020"
"Tiger King: Murder, Mayhem and Madness: Limited Series: Not Your Average Joe","02/05/2020"
"Unorthodox: Limited Series: Part 3","30/04/2020"
"Unorthodox: Limited Series: Part 2","30/04/2020"
"Unorthodox: Limited Series: Part 1","29/04/2020"
"Night on Earth: Limited Series: Dusk Till Dawn","27/04/2020"
"Better Call Saul: Season 5: Something Unforgivable","26/04/2020"
"Night on Earth: Limited Series: Sleepless Cities","24/04/2020"
"Night on Earth: Limited Series: Dark Seas","24/04/2020"
"Night on Earth: Limited Series: Jungle Nights","22/04/2020"
"Modern Family: Season 9: Clash of Swords","20/04/2020"
"Night on Earth: Limited Series: Frozen Nights","20/04/2020"
"Night on Earth: Limited Series: Moonlit Plains","20/04/2020"
"Modern Family: Season 9: The Escape","19/04/2020"
"Modern Family: Season 9: Mother!","19/04/2020"
"Better Call Saul: Season 5: Bad Choice Road","17/04/2020"
"The Innocence Files: Limited Series: The Evidence: The Truth Will Defend Me","16/04/2020"
"The Innocence Files: Limited Series: The Evidence: Indeed and Without Doubt","16/04/2020"
"Money Heist: Part 4: The Paris Plan","13/04/2020"
"Money Heist: Part 4: Strike the Tent","13/04/2020"
"Money Heist: Part 4: TKO","13/04/2020"
"Money Heist: Part 4: 5 Minutes Earlier","12/04/2020"
"Money Heist: Part 4: Pasodoble","12/04/2020"
"Money Heist: Part 4: Game Over","12/04/2020"
"Tiger King: Murder, Mayhem and Madness: Limited Series: The Tiger King and I","12/04/2020"
"Tiger King: Murder, Mayhem and Madness: Limited Series: Dethroned","12/04/2020"
"Money Heist: Part 4: Anatomy Lesson","12/04/2020"
"Money Heist: Part 4: Berlin's Wedding","11/04/2020"
"Better Call Saul: Season 5: Bagman","09/04/2020"
"Better Call Saul: Season 5: JMM","08/04/2020"
"Rick and Morty: Season 3: Morty's Mind Blowers","08/04/2020"
"Rick and Morty: Season 2: Get Schwifty","06/04/2020"
"Better Call Saul: Season 5: Wexler v. Goodman","05/04/2020"
"I, Tonya","02/04/2020"
"Dirty Money: Season 2: The Wagon Wheel","01/04/2020"
"100 Humans: Season 1: Ask a Human","01/04/2020"
"Ocean's Eleven","01/04/2020"
"Better Call Saul: Season 5: Dedicado A Max","01/04/2020"
"Tiger King: Murder, Mayhem and Madness: Limited Series: The Noble Thing to Do","31/03/2020"
"Tiger King: Murder, Mayhem and Madness: Limited Series: Make America Exotic Again","31/03/2020"
"Tiger King: Murder, Mayhem and Madness: Limited Series: Playing with Fire","30/03/2020"
"Tiger King: Murder, Mayhem and Madness: Limited Series: The Secret","30/03/2020"
"Tiger King: Murder, Mayhem and Madness: Limited Series: Cult of Personality","29/03/2020"
"Better Call Saul: Season 5: Namaste","20/03/2020"
"Lego DC Comics: Batman Be-Leaguered","20/03/2020"
"The Dark Knight","19/03/2020"
"Batman Begins","17/03/2020"
"Better Call Saul: Season 5: The Guy For This","13/03/2020"
"Better Call Saul: Season 5: 50% Off","13/03/2020"
"Better Call Saul: Season 5: Magic Man","11/03/2020"
"Better Call Saul: Season 4: Winner","11/03/2020"
"Better Call Saul: Season 4: Wiedersehen","11/03/2020"
"Better Call Saul: Season 4: Coushatta","05/03/2020"
"Better Call Saul: Season 4: Something Stupid","05/03/2020"
"Better Call Saul: Season 4: Piñata","04/03/2020"
"Better Call Saul: Season 4: Quite a Ride","02/03/2020"
"Vikings: Season 5: Ragnarok","01/03/2020"
"Vikings: Season 5: What Happens in the Cave","29/02/2020"
"Vikings: Season 5: Baldur","27/02/2020"
"Vikings: Season 5: The Most Terrible Thing","26/02/2020"
"Narcos: Mexico: Season 2: Free Trade","24/02/2020"
"Narcos: Mexico: Season 2: Growth, Prosperity, and Liberation","24/02/2020"
"Narcos: Mexico: Season 2: Se Cayó El Sistema","23/02/2020"
"Der Pianist","22/02/2020"
"Narcos: Mexico: Season 2: Truth and Reconciliation","19/02/2020"
"Narcos: Mexico: Season 2: El Dedazo","19/02/2020"
"Narcos: Mexico: Season 2: AFO","16/02/2020"
"Narcos: Mexico: Season 2: The Big Dig","16/02/2020"
"Narcos: Mexico: Season 2: Ruben Zuno Arce","16/02/2020"
"Narcos: Mexico: Season 2: Alea lacta Est","15/02/2020"
"Vikings: Season 5: The Buddha","14/02/2020"
"Narcos: Mexico: Season 2: Salva El Tigre","14/02/2020"
"Vikings: Season 5: Hell","12/02/2020"
"Vikings: Season 5: The Lost Moment","11/02/2020"
"Vikings: Season 5: A New God","11/02/2020"
"Vikings: Season 5: Murder Most Foul","11/02/2020"
"BoJack Horseman: Season 6: Nice While It Lasted","10/02/2020"
"Vikings: Season 5: The Revelation","10/02/2020"
"Vikings: Season 5: Moments of Vision","09/02/2020"
"Vikings: Season 5: A Simple Story","09/02/2020"
"BoJack Horseman: Season 6: The View from Halfway Down","07/02/2020"
"BoJack Horseman: Season 6: Angela","06/02/2020"
"BoJack Horseman: Season 6: The Horny Unicorn","05/02/2020"
"BoJack Horseman: Season 6: Xerox of a Xerox","02/02/2020"
"BoJack Horseman: Season 6: Good Damage","02/02/2020"
"Vikings: Season 5: The Joke","02/02/2020"
"Vikings: Season 5: Full Moon","02/02/2020"
"Vikings: Season 5: The Message","02/02/2020"
"Vikings: Season 5: The Prisoner","31/01/2020"
"Vikings: Season 5: The Plan","30/01/2020"
"Vikings: Season 5: Homeland","29/01/2020"
"Vikings: Season 5: The Departed","28/01/2020"
"Vikings: Season 5: The Fisher King","28/01/2020"
"The Intouchables","27/01/2020"
"Brokeback Mountain","27/01/2020"
"No Country for Old Men","26/01/2020"
"Jobs","24/01/2020"
"Trailer Park Boys: Season 12: F**kin’ F**ked Out Of Our F**kin’ Minds","23/01/2020"
"Trailer Park Boys: Season 12: Angel Sh*t Sent Down From Jesus God","23/01/2020"
"Trailer Park Boys: Season 12: Will You For To Be F**king Married To Me?","23/01/2020"
"Trailer Park Boys: Season 12: Big C**k","22/01/2020"
"Trailer Park Boys: Season 12: Flow Me The Money","22/01/2020"
"Trailer Park Boys: Season 12: Happy Birthday Bubbles","22/01/2020"
"Trailer Park Boys: Season 12: All The Sh*t I Need","21/01/2020"
"Sex Education: Season 2: Episode 8","21/01/2020"
"Sex Education: Season 2: Episode 7","20/01/2020"
"Sex Education: Season 2: Episode 6","20/01/2020"
"Sex Education: Season 2: Episode 5","20/01/2020"
"Sex Education: Season 2: Episode 4","20/01/2020"
"Sex Education: Season 2: Episode 3","20/01/2020"
"Sex Education: Season 2: Episode 2","19/01/2020"
"Trailer Park Boys: Season 12: The C**t Word","19/01/2020"
"Sex Education: Season 2: Episode 1","19/01/2020"
"Trailer Park Boys: Season 12: Godspeed My Muscular Friend","18/01/2020"
"Trailer Park Boys: Season 12: Chlamydia","17/01/2020"
"Trailer Park Boys: Season 11: The All You Can Eat Sh*t Buffet","16/01/2020"
"Trailer Park Boys: Season 11: Oh, My F**k Boys, We Killed Lahey & Randy","16/01/2020"
"Trailer Park Boys: Season 11: A Liquor Captain Never Abandons a Sinking Sh*t Ship","16/01/2020"
"Trailer Park Boys: Season 11: I Look Like A F**KING DICK!!","15/01/2020"
"Trailer Park Boys: Season 11: How Do You Keep Your Bag So Soft?","14/01/2020"
"Trailer Park Boys: Season 11: Flight of the Bumblecock","14/01/2020"
"Trailer Park Boys: Season 11: Darth Lahey","12/01/2020"
"Trailer Park Boys: Season 11: My F**king Balls, My C**k, My Hole, or My T*ts?","11/01/2020"
"The Witcher: Season 1: Much More","09/01/2020"
"The Witcher: Season 1: Before a Fall","09/01/2020"
"The Witcher: Season 1: Rare Species","08/01/2020"
"Trailer Park Boys: Season 11: The Walker Zombley","08/01/2020"
"The Witcher: Season 1: Bottled Appetites","08/01/2020"
"The Game Changers","07/01/2020"
"The Witcher: Season 1: Of Banquets, Bastards and Burials","07/01/2020"
"The Witcher: Season 1: Betrayer Moon","06/01/2020"
"Trailer Park Boys: Season 11: The Jack Your C**k Furry Whore Slut","06/01/2020"
"Rick and Morty: Season 2: Big Trouble in Little Sanchez","06/01/2020"
"Rick and Morty: Season 2: The Ricks Must Be Crazy","06/01/2020"
"The Witcher: Season 1: Four Marks","05/01/2020"
"The Witcher: Season 1: The End’s Beginning","05/01/2020"
"Trailer Park Boys: Season 10: Looks Like the Liquor Wins","04/01/2020"
"Trailer Park Boys: Season 10: Thugged Out Gangsta Sh*t","04/01/2020"
"Trailer Park Boys: Season 10: The Super Bling Cowboy","03/01/2020"
"Sex, Explained: Limited Series: Fertility","03/01/2020"
"Sex, Explained: Limited Series: Birth Control","03/01/2020"
"Sex, Explained: Limited Series: Attraction","03/01/2020"
"Trailer Park Boys: Season 10: Up In Smoke We Go","03/01/2020"
"Interstellar","02/01/2020"
"The Universe: Season 1: Secrets of the Sun","02/01/2020"
"Trailer Park Boys: Season 10: All the F**kin' Dope You Can Smoke!","29/12/2019"
"Trailer Park Boys: Season 10: If You Don't Believe It, It's Not Real","29/12/2019"
"Trailer Park Boys: Season 10: Sh*t Covered Cave Teeth","28/12/2019"
"Trailer Park Boys: Season 10: A Three Tiered Sh*t Dyke","28/12/2019"
"Trailer Park Boys: Season 10: You Want the Lot Fees, Suck Them Out of the Tip of My C**k","28/12/2019"
"Trailer Park Boys: Season 10: Freedom 45?","28/12/2019"
"Trailer Park Boys: Season 9: The Liquor Snurf","27/12/2019"
"Trailer Park Boys: Season 9: Sam-Squamptches and Heli-C**ksuckers","26/12/2019"
"Trailer Park Boys: Season 9: A Dancer for Money","26/12/2019"
"Trailer Park Boys: Season 9: Piss","26/12/2019"
"Trailer Park Boys: Season 9: Sweet Liquory Load","25/12/2019"
"Trailer Park Boys: Season 9: The Motel Can't Live at the Motel","25/12/2019"
"Trailer Park Boys: Season 9: George Green: Industrial C**k Inhaler","25/12/2019"
"Trailer Park Boys: Season 9: Anointed In Liquor","25/12/2019"
"Trailer Park Boys: Season 9: A Stable F**king Environment","25/12/2019"
"Trailer Park Boys: Season 9: Why in the F**k Is My Trailer Pink?","25/12/2019"
"Trailer Park Boys: Season 8: Crawling Through the Sh*tpipe","23/12/2019"
"Trailer Park Boys: Season 8: Righties Loosies, Lefties Tighties","23/12/2019"
"Trailer Park Boys: Season 8: The Super-Duper-Industrial-Bubbles-Honey-Oil-Inator","22/12/2019"
"Trailer Park Boys: Season 8: Community Service and a Boner Made with Love","21/12/2019"
"Trailer Park Boys: Season 8: Friends with the Benedicts","20/12/2019"
"Trailer Park Boys: Season 8: Whore-A-Geddon","20/12/2019"
"Trailer Park Boys: Season 8: Orangie's Pretty F**kin' Tough","20/12/2019"
"Trailer Park Boys: Season 8: The Dirty Dancer","20/12/2019"
"Trailer Park Boys: Season 8: The F**kin' V-Team","20/12/2019"
"Trailer Park Boys: Season 7: Jump the Cheeseburger","20/12/2019"
"Ocean's Twelve","20/12/2019"
"Trailer Park Boys: Season 8: Money Can Suck My C**k","19/12/2019"
"Trailer Park Boys: Season 7: A Sh*t River Runs Through It","19/12/2019"
"Trailer Park Boys: Season 7: Going Off the Rails on the Swayzie Train","18/12/2019"
"Trailer Park Boys: Season 7: Let the Liquor Do the Thinking","18/12/2019"
"Trailer Park Boys: Out of the Park: USA: Season 1: Orlando 1","18/12/2019"
"Trailer Park Boys: Season 7: We Can't Call People Without Wings Angels, So We Call Them Friends","17/12/2019"
"Trailer Park Boys: Season 7: The Mustard Tiger","17/12/2019"
"Four Brothers","16/12/2019"
"6 Underground","15/12/2019"
"Trailer Park Boys: Season 7: Friends of the Road","13/12/2019"
"Trailer Park Boys: Season 7: Three Good Men Are Dead","13/12/2019"
"Trailer Park Boys: Season 7: I Banged Lucy and Knocked Her Up, No Big Deal","13/12/2019"
"Trailer Park Boys: Season 7: I F**kin' Miss Cory & Trevor","12/12/2019"
"Trailer Park Boys: Season 6: Gimme My F**king Money or Randy's Dead","12/12/2019"
"Trailer Park Boys: Season 6: Halloween 1977","11/12/2019"
"Trailer Park Boys: Season 6: Where in the F**k Is Oscar Goldman?","11/12/2019"
"Trailer Park Boys: Season 6: High Definition Piss Jugs","11/12/2019"
"Trailer Park Boys: Season 6: The Cheeseburger Picnic","11/12/2019"
"Greatest Events of WWII in Colour: Season 1: Battle of Midway","10/12/2019"
"Trailer Park Boys: Season 6: Way of the Road","10/12/2019"
"Trailer Park Boys: Season 5: Sh*t Blizzard","10/12/2019"
"Trailer Park Boys: Season 5: I Am the Liquor","10/12/2019"
"Trailer Park Boys: Season 5: Dressed All Over & Zesty Mordant","09/12/2019"
"Trailer Park Boys: Season 5: The Winds of Sh*t","09/12/2019"
"Trailer Park Boys: Season 5: Don't Cross the Sh*t Line","09/12/2019"
"Trailer Park Boys: Season 5: Jim Lahey Is a F**kin' Drunk and He Always Will Be","08/12/2019"
"Trailer Park Boys: Season 5: You Got to Blame the Thing Up Here","07/12/2019"
"Greatest Events of WWII in Colour: Season 1: Pearl Harbor","07/12/2019"
"Trailer Park Boys: Season 5: The F**kin Way She Goes","06/12/2019"
"Trailer Park Boys: Season 5: The Sh*t Puppets","06/12/2019"
"Trailer Park Boys: Season 5: Give Peace a Chance","06/12/2019"
"Greatest Events of WWII in Colour: Season 1: Battle of Britain","05/12/2019"
"Lone Survivor","05/12/2019"
"Trailer Park Boys: Season 4: Working Man","05/12/2019"
"Trailer Park Boys: Season 4: Propane, Propane","04/12/2019"
"Trailer Park Boys: Season 4: If You Love Something Set It Free","04/12/2019"
"Greatest Events of WWII in Colour: Season 1: Blitzkrieg","04/12/2019"
"Trailer Park Boys: Season 4: Conky","04/12/2019"
"Trailer Park Boys: Season 4: The Green Bastard","03/12/2019"
"Trailer Park Boys: Season 4: Rub 'N Tiz'zug","03/12/2019"
"Trailer Park Boys: Season 4: A Man's Gotta Eat","03/12/2019"
"Trailer Park Boys: Season 4: Never Cry Sh*twolf","02/12/2019"
"Trailer Park Boys: Season 3: A Sh*t Leopard Can't Change Its Spots","01/12/2019"
"Trailer Park Boys: Season 3: The Delusions of Officer Jim Lahey","01/12/2019"
"Trailer Park Boys: Season 3: Where in the F**k Is Randy's Barbeque?","01/12/2019"
"Trailer Park Boys: Season 3: Closer to the Heart","30/11/2019"
"Modern Family: Season 9: CHiPs and Salsa","30/11/2019"
"Modern Family: Season 9: Royal Visit","30/11/2019"
"Trailer Park Boys: Season 3: Who's the Microphone Assassin?","30/11/2019"
"Trailer Park Boys: Season 3: If I Can't Smoke and Swear I'm F**ked","30/11/2019"
"Trailer Park Boys: Season 3: Temporary Relief Assistant Trailer Park Supervisor","28/11/2019"
"Trailer Park Boys: Season 3: The Kiss of Freedom","25/11/2019"
"Trailer Park Boys: Season 2: The Bare Pimp Project","25/11/2019"
"Trailer Park Boys: Season 2: Never Trust a Man with No Shirt On","25/11/2019"
"Trailer Park Boys: Season 2: A Dope Trailer Is No Place for a Kitty","24/11/2019"
"Trailer Park Boys: Season 2: I've Met Cats and Dogs Smarter than Trevor and Cory","24/11/2019"
"Trailer Park Boys: Season 2: Jim Lahey Is a Drunk Bastard","24/11/2019"
"Trailer Park Boys: Season 2: What in the F**k Happened to Our Trailer Park?","22/11/2019"
"Modern Family: Season 9: Wine Weekend","22/11/2019"
"Modern Family: Season 9: Spanks for the Memories","22/11/2019"
"Trailer Park Boys: Season 1: Who the Hell Invited These Idiots to My Wedding?","22/11/2019"
"Trailer Park Boys: Season 1: I'm Not Gay, I Love Lucy... Wait a Second, Maybe I Am Gay","22/11/2019"
"Trailer Park Boys: Season 1: Mrs. Peterson's Dog Gets F**ked Up","21/11/2019"
"Trailer Park Boys: Season 1: Mr. Lahey's Got My Porno Tape!","21/11/2019"
"Trailer Park Boys: Season 1: F**k Community College, Let's Get Drunk and Eat Chicken Fingers","21/11/2019"
"Trailer Park Boys: Season 1: Take Your Little Gun and Get Out of My Trailer Park","21/11/2019"
"The Blind Side","21/11/2019"
"BoJack Horseman: Season 6: A Quick One, While He's Away","21/11/2019"
"BoJack Horseman: Season 6: The Face of Depression","18/11/2019"
"BoJack Horseman: Season 6: The Kidney Stays in the Picture","18/11/2019"
"BoJack Horseman: Season 6: A Little Uneven, Is All","18/11/2019"
"BoJack Horseman: Season 6: Surprise!","17/11/2019"
"Modern Family: Season 9: Written in the Stars","16/11/2019"
"Modern Family: Season 9: In Your Head","16/11/2019"
"BoJack Horseman: Season 6: Feel-Good Story","15/11/2019"
"Training Day","15/11/2019"
"BoJack Horseman: Season 6: The New Client","14/11/2019"
"BoJack Horseman: Season 6: A Horse Walks into a Rehab","12/11/2019"
"BoJack Horseman: Season 5: The Stopped Show","12/11/2019"
"BoJack Horseman: Season 5: Head in the Clouds","12/11/2019"
"BoJack Horseman: Season 5: The Showstopper","12/11/2019"
"Modern Family: Season 9: Dear Beloved Family","11/11/2019"
"Modern Family: Season 9: He Said, She Shed","11/11/2019"
"Modern Family: Season 9: No Small Feet","10/11/2019"
"Modern Family: Season 9: Tough Love","10/11/2019"
"Modern Family: Season 9: Brushes with Celebrity","10/11/2019"
"BoJack Horseman: Season 5: Ancient History","08/11/2019"
"Modern Family: Season 9: Winner Winner Turkey Dinner","08/11/2019"
"BoJack Horseman: Season 5: Mr. Peanutbutter's Boos","08/11/2019"
"BoJack Horseman: Season 5: INT. SUB","08/11/2019"
"Modern Family: Season 9: Ten Years Later","07/11/2019"
"BoJack Horseman: Season 5: Free Churro","07/11/2019"
"BoJack Horseman: Season 5: The Amelia Earhart Story","07/11/2019"
"Modern Family: Season 9: It's the Great Pumpkin, Phil Dunphy","07/11/2019"
"BoJack Horseman: Season 5: BoJack the Feminist","06/11/2019"
"BoJack Horseman: Season 5: Planned Obsolescence","05/11/2019"
"BoJack Horseman: Season 5: The Dog Days Are Over","05/11/2019"
"BoJack Horseman: Season 5: The Light Bulb Scene","05/11/2019"
"The King","04/11/2019"
"Modern Family: Season 9: The Long Goodbye","04/11/2019"
"Modern Family: Season 9: Lake Life","03/11/2019"
"Seven Years in Tibet","03/11/2019"
"Gladiator","28/10/2019"
"BoJack Horseman: Season 1: BoJack Hates the Troops","27/10/2019"
"Brooklyn Nine-Nine: Season 5: The Favor","25/10/2019"
"Brooklyn Nine-Nine: Season 5: Game Night","25/10/2019"
"Brooklyn Nine-Nine: Season 5: 99","25/10/2019"
"Green Book","24/10/2019"
"Brooklyn Nine-Nine: Season 5: Return to Skyfire","24/10/2019"
"Brooklyn Nine-Nine: Season 5: Two Turkeys","23/10/2019"
"Brooklyn Nine-Nine: Season 5: The Venue","23/10/2019"
"Brooklyn Nine-Nine: Season 5: Bad Beat","23/10/2019"
"Brooklyn Nine-Nine: Season 5: HalloVeen","23/10/2019"
"Brooklyn Nine-Nine: Season 5: Kicks","23/10/2019"
"Brooklyn Nine-Nine: Season 5: The Big House, Pt. 2","23/10/2019"
"El Camino: A Breaking Bad Movie","22/10/2019"
"Brooklyn Nine-Nine: Season 5: The Big House, Pt. 1","21/10/2019"
"Breaking Bad: Season 5: Felina","21/10/2019"
"Breaking Bad: Season 5: Granite State","21/10/2019"
"Breaking Bad: Season 5: Ozymandias","21/10/2019"
"Breaking Bad: Season 5: To'hajiilee","21/10/2019"
"Breaking Bad: Season 5: Rabid Dog","20/10/2019"
"Breaking Bad: Season 5: Confessions","18/10/2019"
"Breaking Bad: Season 5: Buried","16/10/2019"
"Breaking Bad: Season 5: Blood Money","16/10/2019"
"Breaking Bad: Season 5: Gliding Over All","15/10/2019"
"Breaking Bad: Season 5: Say My Name","14/10/2019"
"Breaking Bad: Season 5: Buyout","14/10/2019"
"Breaking Bad: Season 5: Dead Freight","14/10/2019"
"Breaking Bad: Season 5: Fifty-One","13/10/2019"
"Breaking Bad: Season 5: Hazard Pay","13/10/2019"
"Breaking Bad: Season 5: Madrigal","13/10/2019"
"Breaking Bad: Season 5: Live Free Or Die","11/10/2019"
"Breaking Bad: Season 4: Face Off","10/10/2019"
"Breaking Bad: Season 4: End Times","10/10/2019"
"Breaking Bad: Season 4: Crawl Space","10/10/2019"
"Breaking Bad: Season 4: Salud","09/10/2019"
"Breaking Bad: Season 4: Bug","09/10/2019"
"Breaking Bad: Season 4: Hermanos","09/10/2019"
"Breaking Bad: Season 4: Problem Dog","09/10/2019"
"Breaking Bad: Season 4: Cornered","08/10/2019"
"Breaking Bad: Season 4: Shotgun","08/10/2019"
"Breaking Bad: Season 4: Bullet Points","08/10/2019"
"Breaking Bad: Season 4: Open House","08/10/2019"
"Breaking Bad: Season 4: Thirty-Eight Snub","07/10/2019"
"Breaking Bad: Season 4: Box Cutter","07/10/2019"
"Breaking Bad: Season 3: Full Measure","07/10/2019"
"Breaking Bad: Season 3: Half Measures","06/10/2019"
"Breaking Bad: Season 3: Abiquiu","06/10/2019"
"Breaking Bad: Season 3: Fly","06/10/2019"
"Breaking Bad: Season 3: Kafkaesque","06/10/2019"
"Breaking Bad: Season 3: I See You","06/10/2019"
"Living Undocumented: Season 1: A Prayer in the Night","06/10/2019"
"Breaking Bad: Season 3: One Minute","04/10/2019"
"Breaking Bad: Season 3: Sunset","03/10/2019"
"Breaking Bad: Season 3: Mas","03/10/2019"
"Breaking Bad: Season 3: Green Light","02/10/2019"
"Breaking Bad: Season 3: I.F.T.","02/10/2019"
"Breaking Bad: Season 3: Caballo Sin Nombre","01/10/2019"
"Breaking Bad: Season 3: No Más","01/10/2019"
"Breaking Bad: Season 2: ABQ","30/09/2019"
"Breaking Bad: Season 2: Phoenix","27/09/2019"
"Breaking Bad: Season 2: Mandala","25/09/2019"
"Breaking Bad: Season 2: Over","25/09/2019"
"Breaking Bad: Season 2: 4 Days Out","25/09/2019"
"Breaking Bad: Season 2: Better Call Saul","25/09/2019"
"Breaking Bad: Season 2: Negro y Azul","24/09/2019"
"Breaking Bad: Season 2: Peekaboo","24/09/2019"
"Breaking Bad: Season 2: Breakage","24/09/2019"
"Breaking Bad: Season 2: Down","24/09/2019"
"Breaking Bad: Season 2: Bit by a Dead Bee","23/09/2019"
"Breaking Bad: Season 2: Grilled","23/09/2019"
"Breaking Bad: Season 2: Seven Thirty-Seven","23/09/2019"
"Breaking Bad: Season 1: A No-Rough-Stuff-Type Deal","21/09/2019"
"Breaking Bad: Season 1: Crazy Handful of Nothin'","20/09/2019"
"Breaking Bad: Season 1: Gray Matter","20/09/2019"
"Breaking Bad: Season 1: Cancer Man","19/09/2019"
"Breaking Bad: Season 1: And the Bag's in the River","19/09/2019"
"Breaking Bad: Season 1: The Cat's in the Bag","19/09/2019"
"Breaking Bad: Season 1: Pilot","19/09/2019"
"Orange Is the New Black: Season 7: Just Desserts","17/09/2019"
"Orange Is the New Black: Season 7: Beginning of the End","17/09/2019"
"Rick and Morty: Season 1: Pilot","16/09/2019"
"Rick and Morty: Season 1: Anatomy Park","16/09/2019"
"Rick and Morty: Season 3: The Ricklantis Mixup","15/09/2019"
"Rick and Morty: Season 3: Rest and Ricklaxation","15/09/2019"
"Reservoir Dogs","12/09/2019"
"Zeiten Ändern Dich","11/09/2019"
"13 Reasons Why: Season 3: Let the Dead Bury the Dead","11/09/2019"
"13 Reasons Why: Season 3: And Then the Hurricane Hit","10/09/2019"
"13 Reasons Why: Season 3: There Are a Few Things I Haven't Told You","10/09/2019"
"13 Reasons Why: Season 3: The World Closing In","07/09/2019"
"13 Reasons Why: Season 3: Always Waiting for the Next Bad News","02/09/2019"
"13 Reasons Why: Season 3: In High School, Even on a Good Day, It's Hard to Tell Who's on Your Side","02/09/2019"
"13 Reasons Why: Season 3: There Are a Number of Problems with Clay Jensen","02/09/2019"
"13 Reasons Why: Season 3: You Can Tell the Heart of a Man by How He Grieves","02/09/2019"
"13 Reasons Why: Season 3: Nobody's Clean","01/09/2019"
"13 Reasons Why: Season 3: Angry, Young and Man","31/08/2019"
"13 Reasons Why: Season 3: The Good Person Is Indistinguishable from the Bad","31/08/2019"
"Modern Family: Season 8: The Graduates","30/08/2019"
"Modern Family: Season 8: Alone Time","30/08/2019"
"13 Reasons Why: Season 3: If You're Breathing, You're a Liar","30/08/2019"
"13 Reasons Why: Season 3: Yeah. I'm the New Girl","30/08/2019"
"Modern Family: Season 8: All Things Being Equal","20/08/2019"
"Modern Family: Season 8: Frank's Wedding","20/08/2019"
"Modern Family: Season 8: Five Minutes","20/08/2019"
"Modern Family: Season 8: Pig Moon Rising","20/08/2019"
"Modern Family: Season 8: Basketball!","20/08/2019"
"Modern Family: Season 8: Finding Fizbo","19/08/2019"
"Modern Family: Season 8: Heavy Is the Head","19/08/2019"
"Modern Family: Season 8: Do It Yourself","18/08/2019"
"Modern Family: Season 8: Do You Believe in Magic?","18/08/2019"
"Modern Family: Season 8: Sarge & Pea","15/08/2019"
"Rick and Morty: Season 3: The Rickchurian Mortydate","12/08/2019"
"Rick and Morty: Season 3: The ABC's of Beth","12/08/2019"
"Rick and Morty: Season 3: Pickle Rick","12/08/2019"
"Rick and Morty: Season 2: Auto Erotic Assimilation","12/08/2019"
"Rick and Morty: Season 1: Ricksy Business","11/08/2019"
"Rick and Morty: Season 1: Something Ricked This Way Comes","11/08/2019"
"Rick and Morty: Season 1: Rixty Minutes","10/08/2019"
"Rick and Morty: Season 3: The Whirly Dirly Conspiracy","10/08/2019"
"Rick and Morty: Season 1: Close Rick-counters of the Rick Kind","07/08/2019"
"Rick and Morty: Season 1: M. Night Shaym-Aliens!","07/08/2019"
"Modern Family: Season 8: Ringmaster Keifth","05/08/2019"
"Modern Family: Season 8: Snow Ball","04/08/2019"
"Modern Family: Season 8: The Alliance","31/07/2019"
"Modern Family: Season 8: Thanksgiving Jamboree","31/07/2019"
"Modern Family: Season 8: Grab It!","30/07/2019"
"Modern Family: Season 8: Halloween 4: The Revenge of Rod Skyhook","30/07/2019"
"Modern Family: Season 8: Weathering Heights","30/07/2019"
"Modern Family: Season 8: Blindsided","29/07/2019"
"Erin Brockovich","29/07/2019"
"Modern Family: Season 8: A Stereotypical Day","28/07/2019"
"Modern Family: Season 8: A Tale of Three Cities","28/07/2019"
"Modern Family: Season 7: Double-Click","28/07/2019"
"Modern Family: Season 7: Crazy Train","28/07/2019"
"Modern Family: Season 7: Promposal","28/07/2019"
"Modern Family: Season 7: Man Shouldn't Lie","28/07/2019"
"Modern Family: Season 7: The Party","28/07/2019"
"Modern Family: Season 7: Express Yourself","27/07/2019"
"Modern Family: Season 7: The Cover-Up","27/07/2019"
"Modern Family: Season 7: I Don't Know How She Does It","26/07/2019"
"Modern Family: Season 7: The Storm","26/07/2019"
"The Founder","25/07/2019"
"Modern Family: Season 7: Thunk in the Trunk","25/07/2019"
"Modern Family: Season 7: Clean for a Day","25/07/2019"
"Modern Family: Season 7: Spread Your Wings","24/07/2019"
"Modern Family: Season 7: Playdates","24/07/2019"
"Money Heist: Part 3: Astray","22/07/2019"
"Money Heist: Part 3: A Quick Vacation","22/07/2019"
"Money Heist: Part 3: Everything Seemed Insignificant","22/07/2019"
"Modern Family: Season 7: White Christmas","22/07/2019"
"Modern Family: Season 7: Clean Out Your Junk Drawer","21/07/2019"
"Money Heist: Part 3: Boom, Boom, Ciao","21/07/2019"
"Money Heist: Part 3: It's Dolphin Time","20/07/2019"
"Money Heist: Part 3: 48 Meters Underground","20/07/2019"
"Money Heist: Part 3: Aikido","20/07/2019"
"Modern Family: Season 7: Phil's Sexy, Sexy House","19/07/2019"
"Money Heist: Part 3: We're Back","19/07/2019"
"Seven","19/07/2019"
"Modern Family: Season 7: The More You Ignore Me","18/07/2019"
"Modern Family: Season 7: The Verdict","18/07/2019"
"Modern Family: Season 7: She Crazy","18/07/2019"
"Modern Family: Season 7: The Closet Case","17/07/2019"
"Modern Family: Season 7: The Day Alex Left for College","17/07/2019"
"Modern Family: Season 7: Summer Lovin'","17/07/2019"
"Modern Family: Season 6: American Skyper","17/07/2019"
"Modern Family: Season 6: Crying Out Loud","17/07/2019"
"Modern Family: Season 6: Patriot Games","17/07/2019"
"Modern Family: Season 6: Integrity","17/07/2019"
"Modern Family: Season 6: Knock 'Em Down","16/07/2019"
"Modern Family: Season 6: Grill, Interrupted","15/07/2019"
"Modern Family: Season 6: Spring Break","15/07/2019"
"Modern Family: Season 6: Closet? You'll Love It!","15/07/2019"
"Modern Family: Season 6: Connection Lost","15/07/2019"
"Modern Family: Season 6: Fight or Flight","15/07/2019"
"Modern Family: Season 6: Valentine's Day 4: Twisted Sister","14/07/2019"
"Modern Family: Season 6: Rash Decisions","14/07/2019"
"Modern Family: Season 6: The Big Guns","14/07/2019"
"Modern Family: Season 6: The Day We Almost Died","14/07/2019"
"Modern Family: Season 6: Haley's 21st Birthday","13/07/2019"
"Modern Family: Season 6: Strangers in the Night","13/07/2019"
"Modern Family: Season 6: Three Turkeys","12/07/2019"
"Modern Family: Season 6: Queer Eyes, Full Hearts","11/07/2019"
"Modern Family: Season 6: Halloween 3: AwesomeLand","11/07/2019"
"Modern Family: Season 6: Won't You Be Our Neighbor","11/07/2019"
"Modern Family: Season 6: Marco Polo","10/07/2019"
"Modern Family: Season 6: The Cold","10/07/2019"
"The Big Bang Theory: Season 10: The Recollection Dissipation","10/07/2019"
"Modern Family: Season 6: Do Not Push","10/07/2019"
"Modern Family: Season 6: The Long Honeymoon","09/07/2019"
"Dunkirk","09/07/2019"
"Modern Family: Season 5: The Wedding, Part 2","06/07/2019"
"Modern Family: Season 5: The Wedding, Part 1","06/07/2019"
"Modern Family: Season 5: Message Received","06/07/2019"
"Modern Family: Season 5: Sleeper","05/07/2019"
"Modern Family: Season 5: Australia","04/07/2019"
"Modern Family: Season 5: A Hard Jay's Night","03/07/2019"
"Modern Family: Season 5: Las Vegas","03/07/2019"
"Modern Family: Season 5: Other People's Children","03/07/2019"
"Modern Family: Season 5: Spring-a-Ding-Fling","03/07/2019"
"Modern Family: Season 5: The Feud","01/07/2019"
"Modern Family: Season 5: iSpy","01/07/2019"
"Modern Family: Season 5: Three Dinners","01/07/2019"
"Oprah Winfrey Presents: When They See Us Now","30/06/2019"
"Modern Family: Season 5: Under Pressure","29/06/2019"
"Modern Family: Season 5: And One to Grow On","29/06/2019"
"Modern Family: Season 5: The Old Man & the Tree","29/06/2019"
"Modern Family: Season 5: The Big Game","28/06/2019"
"Modern Family: Season 5: ClosetCon '13","28/06/2019"
"Modern Family: Season 5: A Fair to Remember","28/06/2019"
"Modern Family: Season 5: The Help","27/06/2019"
"Modern Family: Season 5: The Late Show","27/06/2019"
"When They See Us: Limited Series: Part Four","26/06/2019"
"Modern Family: Season 5: Farm Strong","26/06/2019"
"Modern Family: Season 5: Larry's Wife","26/06/2019"
"Modern Family: Season 5: First Days","25/06/2019"
"Modern Family: Season 5: Suddenly, Last Summer","25/06/2019"
"Modern Family: Season 4: Goodnight, Gracie","24/06/2019"
"Modern Family: Season 4: Games People Play","24/06/2019"
"Modern Family: Season 4: My Hero","24/06/2019"
"Modern Family: Season 4: Career Day","24/06/2019"
"Modern Family: Season 4: Flip Flop","23/06/2019"
"Modern Family: Season 4: The Future Dunphys","23/06/2019"
"Modern Family: Season 4: The Wow Factor","19/06/2019"
"Modern Family: Season 4: Best Men","19/06/2019"
"The Silence of the Lambs","19/06/2019"
"Moneyball","19/06/2019"
"Modern Family: Season 4: Bad Hair Day","19/06/2019"
"Modern Family: Season 4: Heart Broken","18/06/2019"
"Modern Family: Season 4: A Slight at the Opera","18/06/2019"
"Modern Family: Season 4: Fulgencio","18/06/2019"
"Modern Family: Season 4: Party Crasher","18/06/2019"
"Modern Family: Season 4: New Year's Eve","18/06/2019"
"Modern Family: Season 4: Diamond in the Rough","18/06/2019"
"Modern Family: Season 4: Mistery Date","18/06/2019"
"Modern Family: Season 4: Bringing Up Baby","18/06/2019"
"Modern Family: Season 3: Baby on Board","18/06/2019"
"Modern Family: Season 3: Tableau Vivant","18/06/2019"
"Modern Family: Season 3: Disneyland","18/06/2019"
"Modern Family: Season 3: Planes, Trains & Cars","17/06/2019"
"Modern Family: Season 3: The Last Walt","17/06/2019"
"Modern Family: Season 3: Election Day","16/06/2019"
"Modern Family: Season 3: Send Out the Clowns","16/06/2019"
"Ohne Limit","15/06/2019"
"The Highwaymen","15/06/2019"
"Triple Frontier","15/06/2019"
"Modern Family: Season 3: Leap Day","14/06/2019"
"Modern Family: Season 3: Virgin Territory","14/06/2019"
"The Big Bang Theory: Season 10: The Collaboration Fluctuation","13/06/2019"
"The Big Bang Theory: Season 10: The Escape Hatch Identification","13/06/2019"
"The Big Bang Theory: Season 10: The Comic-Con Conundrum","13/06/2019"
"Modern Family: Season 3: Aunt Mommy","13/06/2019"
"The Lives of Others","12/06/2019"
"Beirut","12/06/2019"
"Modern Family: Season 3: Me? Jealous?","12/06/2019"
"How to Sell Drugs Online (Fast): Season 1: If You Are the Smartest One in the Room, You're in the Wrong Room","11/06/2019"
"How to Sell Drugs Online (Fast): Season 1: Score Big or Don't Score at All","11/06/2019"
"How to Sell Drugs Online (Fast): Season 1: If This is Reality, I'm Not Interested","10/06/2019"
"How to Sell Drugs Online (Fast): Season 1: Failure is Not an Option","10/06/2019"
"How to Sell Drugs Online (Fast): Season 1: Life's Not Fair, Get Used to It","10/06/2019"
"Modern Family: Season 3: Little Bo Bleep","10/06/2019"
"How to Sell Drugs Online (Fast): Season 1: Nerd Today, Boss Tomorrow","10/06/2019"
"Modern Family: Season 3: Egg Drop","10/06/2019"
"Modern Family: Season 3: Lifetime Supply","10/06/2019"
"Modern Family: Season 3: Express Christmas","10/06/2019"
"Modern Family: Season 3: Punkin Chunkin","10/06/2019"
"Modern Family: Season 3: After the Fire","10/06/2019"
"Modern Family: Season 3: Treehouse","10/06/2019"
"Modern Family: Season 3: Go Bullfrogs!","09/06/2019"
"Modern Family: Season 3: Hit and Run","09/06/2019"
"Modern Family: Season 3: When Good Kids Go Bad","09/06/2019"
"Modern Family: Season 3: Dude Ranch","08/06/2019"
"Modern Family: Season 2: The One That Got Away","08/06/2019"
"Modern Family: Season 2: See You Next Fall","08/06/2019"
"Modern Family: Season 2: Good Cop, Bad Dog","08/06/2019"
"Modern Family: Season 2: Mother's Day","08/06/2019"
"Modern Family: Season 2: Someone to Watch Over Lily","07/06/2019"
"Modern Family: Season 2: The Musical Man","07/06/2019"
"Modern Family: Season 2: Boys' Night","07/06/2019"
"Modern Family: Season 2: Two Monkeys and a Panda","07/06/2019"
"Modern Family: Season 2: Regrets Only","06/06/2019"
"Modern Family: Season 2: Princess Party","06/06/2019"
"Modern Family: Season 2: Bixby's Back","06/06/2019"
"Modern Family: Season 2: Caught in the Act","06/06/2019"
"Modern Family: Season 2: Our Children, Ourselves","05/06/2019"
"Modern Family: Season 2: Slow Down Your Neighbors","05/06/2019"
"Modern Family: Season 2: Dance Dance Revelation","05/06/2019"
"Saving Private Ryan","03/06/2019"
"The Perks of Being a Wallflower","03/06/2019"
"Medal of Honor: Season 1: Sylvester Antolak","31/05/2019"
"Escape from Alcatraz","31/05/2019"
"The Resistance Banker","31/05/2019"
"The Other Guys","30/05/2019"
"Modern Family: Season 2: Mother Tucker","26/05/2019"
"Modern Family: Season 2: Manny Get Your Gun","26/05/2019"
"Modern Family: Season 2: Chirp","26/05/2019"
"American Gangster","23/05/2019"
"The Great Gatsby","23/05/2019"
"The Departed","22/05/2019"
"Memento","19/05/2019"
"Modern Family: Season 2: Halloween","19/05/2019"
"Fahrenheit 9/11","19/05/2019"
"Modern Family: Season 3: Door to Door","18/05/2019"
"Modern Family: Season 3: Phil on Wire","18/05/2019"
"Modern Family: Season 2: Unplugged","14/05/2019"
"Modern Family: Season 2: Strangers on a Treadmill","14/05/2019"
"Modern Family: Season 2: Earthquake","14/05/2019"
"Modern Family: Season 2: The Kiss","14/05/2019"
"Modern Family: Season 2: The Old Wagon","14/05/2019"
"Modern Family: Season 1: Family Portrait","14/05/2019"
"Modern Family: Season 1: Hawaii","13/05/2019"
"Modern Family: Season 1: Airport 2010","13/05/2019"
"Modern Family: Season 1: Travels with Scout","13/05/2019"
"Modern Family: Season 1: Benched","13/05/2019"
"Modern Family: Season 1: Game Changer","12/05/2019"
"Modern Family: Season 1: Starry Night","12/05/2019"
"Modern Family: Season 1: Truth Be Told","12/05/2019"
"Modern Family: Season 1: Moon Landing","12/05/2019"
"Modern Family: Season 1: Fifteen Percent","12/05/2019"
"Modern Family: Season 1: Not in My House","12/05/2019"
"Modern Family: Season 1: Up All Night","11/05/2019"
"Modern Family: Season 1: Undeck the Halls","10/05/2019"
"Modern Family: Season 1: Fizbo","10/05/2019"
"Modern Family: Season 1: Great Expectations","10/05/2019"
"Modern Family: Season 1: En Garde","10/05/2019"
"The Girl with the Dragon Tattoo","06/05/2019"
"House of Cards: Season 6: Chapter 66","06/05/2019"
"Behind the Curve","06/05/2019"
"Catch Me If You Can","01/05/2019"
"Fury","01/05/2019"
"Modern Family: Season 1: Pilot","30/04/2019"
"The Matrix","30/04/2019"
"Manta Manta","29/04/2019"
"8 Mile","24/04/2019"
"Our Planet: Season 1: From Deserts to Grasslands","22/04/2019"
"Our Planet: Season 1: Coastal Seas","22/04/2019"
"Friends: Season 10: The Last One: Part 1 & Part 2","21/04/2019"
"Friends: Season 10: The One with Rachel's Going Away Party","21/04/2019"
"Friends: Season 10: The One Where Estelle Dies","21/04/2019"
"Friends: Season 10: The One with Princess Consuela","21/04/2019"
"Friends: Season 10: The One Where Joey Speaks French","21/04/2019"
"Friends: Season 10: The One Where the Stripper Cries","21/04/2019"
"Friends: Season 10: The One with Phoebe's Wedding","19/04/2019"
"Operation Finale","19/04/2019"
"Friends: Season 10: The One Where Chandler Gets Caught","19/04/2019"
"The Bourne Supremacy","18/04/2019"
"Friends: Season 10: The One with the Birth Mother","16/04/2019"
"Friends: Season 10: The One with the Late Thanksgiving","14/04/2019"
"Friends: Season 10: The One with The Home Study","13/04/2019"
"Friends: Season 10: The One with Ross's Grant","12/04/2019"
"Friends: Season 10: The One Where Rachel's Sister Babysits","12/04/2019"
"Friends: Season 10: The One with the Cake","11/04/2019"
"Our Planet: Season 1: Jungles","11/04/2019"
"Our Planet: Season 1: Frozen Worlds","11/04/2019"
"Friends: Season 10: The One with Ross's Tan","10/04/2019"
"Our Planet: Season 1: One Planet","09/04/2019"
"Friends: Season 10: The One Where Ross Is Fine","09/04/2019"
"Friends: Season 10: The One After Joey and Rachel Kiss","09/04/2019"
"Friends: Season 9: The One in Barbados","08/04/2019"
"Friends: Season 9: The One with the Donor","08/04/2019"
"Friends: Season 9: The One with the Fertility Test","07/04/2019"
"Friends: Season 9: The One with the Soap Opera Party","07/04/2019"
"Friends: Season 9: The One with Rachel's Dream","06/04/2019"
"Friends: Season 9: The One with the Lottery","28/03/2019"
"Friends: Season 9: The One with the Memorial Service","24/03/2019"
"Friends: Season 9: The One with the Blind Dates","24/03/2019"
"FYRE: The Greatest Party That Never Happened","23/03/2019"
"Losers: Collection 1: Lost in the Desert","23/03/2019"
"Friends: Season 9: The One with the Mugging","23/03/2019"
"Friends: Season 9: The One Where Monica Sings","22/03/2019"
"Friends: Season 9: The One with Phoebe's Rats","22/03/2019"
"Friends: Season 9: The One with Ross' Inappropriate Song","22/03/2019"
"Rick and Morty: Season 3: Vindicators 3:  The Return of Worldender","21/03/2019"
"Rick and Morty: Season 3: Rickmancing the Stone","20/03/2019"
"Rick and Morty: Season 3: The Rickshank Rickdemption","20/03/2019"
"Rick and Morty: Season 2: The Wedding Squanchers","20/03/2019"
"Rick and Morty: Season 2: Look Who's Purging Now","20/03/2019"
"Friends: Season 9: The One Where Rachel Goes Back to Work","20/03/2019"
"Friends: Season 9: The One with Christmas in Tulsa","20/03/2019"
"Friends: Season 9: The One with Rachel's Phone Number","20/03/2019"
"Friends: Season 9: The One with Rachel's Other Sister","20/03/2019"
"Friends: Season 9: The One with the Male Nanny","20/03/2019"
"Friends: Season 9: The One with Phoebe's Birthday Dinner","19/03/2019"
"Friends: Season 9: The One with the Sharks","19/03/2019"
"Friends: Season 9: The One with the Pediatrician","19/03/2019"
"Friends: Season 9: The One Where Emma Cries","19/03/2019"
"Friends: Season 9: The One Where No One Proposes","19/03/2019"
"Friends: Season 8: The One Where Rachel Has a Baby: Part 2","19/03/2019"
"Friends: Season 8: The One Where Rachel Has a Baby: Part 1","19/03/2019"
"Friends: Season 8: The One Where Rachel Is Late","19/03/2019"
"Friends: Season 8: The One with the Cooking Class","19/03/2019"
"Friends: Season 8: The One with the Baby Shower","19/03/2019"
"Friends: Season 8: The One with Joey's Interview","19/03/2019"
"Friends: Season 8: The One in Massapequa","18/03/2019"
"Friends: Season 8: The One with the Tea Leaves","18/03/2019"
"Friends: Season 8: The One Where Joey Tells Rachel","18/03/2019"
"Friends: Season 8: The One with the Birthing Video","18/03/2019"
"Friends: Season 8: The One with the Secret Closet","18/03/2019"
"Friends: Season 8: The One Where Chandler Takes a Bath","17/03/2019"
"Friends: Season 8: The One Where Joey Dates Rachel","17/03/2019"
"Friends: Season 8: The One with the Creepy Holiday Card","17/03/2019"
"Friends: Season 8: The One with Monica's Boots","17/03/2019"
"Friends: Season 8: The One with the Rumor","16/03/2019"
"Friends: Season 8: The One with the Stripper","15/03/2019"
"Friends: Season 8: The One with the Stain","15/03/2019"
"Friends: Season 8: The One with the Halloween Party","15/03/2019"
"Friends: Season 8: The One with Rachel's Date","15/03/2019"
"Losers: Collection 1: Aliy","13/03/2019"
"Rick and Morty: Season 2: Interdimensional Cable 2: Tempting Fate","08/03/2019"
"Rick and Morty: Season 2: Total Rickall","03/03/2019"
"Friends: Season 8: The One with the Videotape","02/03/2019"
"Friends: Season 8: The One Where Rachel Tells ...","01/03/2019"
"Friends: Season 8: The One with the Red Sweater","01/03/2019"
"Friends: Season 8: The One After I Do","01/03/2019"
"Friends: Season 7: The One with Chandler and Monica's Wedding: Part 2","01/03/2019"
"Friends: Season 7: The One with Chandler and Monica's Wedding: Part 1","01/03/2019"
"Friends: Season 7: The One with Chandler's Dad","22/02/2019"
"Moonlight","22/02/2019"
"Friends: Season 7: The One with the Vows","21/02/2019"
"Friends: Season 7: The One with Rachel's Big Kiss","21/02/2019"
"Friends: Season 7: The One with Ross and Monica's Cousin","19/02/2019"
"Friends: Season 7: The One with Joey's Award","19/02/2019"
"Friends: Season 7: The One with the Cheap Wedding Dress","19/02/2019"
"Friends: Season 7: The One with the Truth About London","19/02/2019"
"Black Mirror: Season 3: Hated in the Nation","16/02/2019"
"Black Mirror: Season 4: USS Callister","16/02/2019"
"Rick and Morty: Season 2: Mortynight Run","13/02/2019"
"Rick and Morty: Season 2: A Rickle in Time","12/02/2019"
"Rick and Morty: Season 1: Raising Gazorpazorp","03/02/2019"
"Rick and Morty: Season 1: Rick Potion #9","03/02/2019"
"Rick and Morty: Season 1: Meeseeks and Destroy","01/02/2019"
"Rick and Morty: Season 1: Lawnmower Dog","31/01/2019"
"Sex Education: Season 1: Episode 8","27/01/2019"
"Sex Education: Season 1: Episode 7","27/01/2019"
"Sex Education: Season 1: Episode 6","26/01/2019"
"Sex Education: Season 1: Episode 5","26/01/2019"
"Sex Education: Season 1: Episode 4","25/01/2019"
"Sex Education: Season 1: Episode 3","25/01/2019"
"Sex Education: Season 1: Episode 2","24/01/2019"
"The Big Bang Theory: Season 10: The Holiday Summation","23/01/2019"
"Sex Education: Season 1: Episode 1","23/01/2019"
"Inside the World’s Toughest Prisons: Season 3: Norway: The Perfect Prison?","12/01/2019"
"Inside the World’s Toughest Prisons: Season 3: Romania: Gypsy Prison","12/01/2019"
"Friends: Season 7: The One with Joey's New Brain","12/01/2019"
"Friends: Season 7: The One Where They're Up All Night","12/01/2019"
"Friends: Season 7: The One Where They All Turn Thirty","12/01/2019"
"Friends: Season 7: The One Where Rosita Dies","12/01/2019"
"Gran Torino","04/01/2019"
"Narcos: Season 1: Descenso","03/01/2019"
"Narcos: Mexico: Season 1: Leyenda","03/01/2019"
"Narcos: Mexico: Season 1: Jefe de Jefes","03/01/2019"
"Narcos: Mexico: Season 1: 881 Lope de Vega","02/01/2019"
"Narcos: Mexico: Season 1: Just Say No","02/01/2019"
"Narcos: Mexico: Season 1: La Última Frontera","28/12/2018"
"Narcos: Mexico: Season 1: The Colombian Connection","27/12/2018"
"Narcos: Mexico: Season 1: Rafa, Rafa, Rafa!","27/12/2018"
"Narcos: Mexico: Season 1: El Padrino","24/12/2018"
"Narcos: Mexico: Season 1: The Plaza System","23/12/2018"
"Pulp Fiction","22/12/2018"
"Inside the World’s Toughest Prisons: Season 3: Colombia: Narco Prison","22/12/2018"
"Inside the World’s Toughest Prisons: Season 3: Costa Rica: Prison on a Knife-Edge","22/12/2018"
"The Last Kingdom: Season 3: Episode 10","19/12/2018"
"The Last Kingdom: Season 3: Episode 9","19/12/2018"
"Narcos: Mexico: Season 1: Camelot","19/12/2018"
"The Last Kingdom: Season 3: Episode 8","19/12/2018"
"The Last Kingdom: Season 3: Episode 7","18/12/2018"
"The Last Kingdom: Season 3: Episode 6","16/12/2018"
"The Last Kingdom: Season 1: Episode 1","16/12/2018"
"The Last Kingdom: Season 3: Episode 5","16/12/2018"
"The Last Kingdom: Season 3: Episode 4","16/12/2018"
"The Last Kingdom: Season 3: Episode 3","16/12/2018"
"The Last Kingdom: Season 3: Episode 2","15/12/2018"
"The Last Kingdom: Season 3: Episode 1","14/12/2018"
"The Last Kingdom: Season 2: Episode 8","12/12/2018"
"The Last Kingdom: Season 2: Episode 7","12/12/2018"
"The Last Kingdom: Season 2: Episode 6","10/12/2018"
"The Last Kingdom: Season 2: Episode 5","10/12/2018"
"The Last Kingdom: Season 2: Episode 4","09/12/2018"
"The Hobbit: The Battle of the Five Armies","09/12/2018"
"The Last Kingdom: Season 2: Episode 3","06/12/2018"
"Good Will Hunting","04/12/2018"
"The Last Kingdom: Season 2: Episode 2","27/11/2018"
"The Book of Eli","27/11/2018"
"The Last Kingdom: Season 2: Episode 1","25/11/2018"
"Fantastic Beasts and Where To Find Them","17/11/2018"
"Better Call Saul: Season 4: Talk","14/11/2018"
"Better Call Saul: Season 4: Something Beautiful","13/11/2018"
"Better Call Saul: Season 4: Breathe","31/10/2018"
"American Beauty","29/10/2018"
"Orange Is the New Black: Season 6: Be Free","26/10/2018"
"Orange Is the New Black: Season 6: Double Trouble","26/10/2018"
"Orange Is the New Black: Season 6: Well This Took a Dark Turn","26/10/2018"
"Orange Is the New Black: Season 6: Chocolate Chip Nookie","26/10/2018"
"Orange Is the New Black: Season 6: Break the String","21/10/2018"
"Orange Is the New Black: Season 6: Gordons","18/10/2018"
"Orange Is the New Black: Season 6: Changing Winds","15/10/2018"
"Orange Is the New Black: Season 6: State of the Uterus","11/10/2018"
"Orange Is the New Black: Season 6: Mischief Mischief","10/10/2018"
"Orange Is the New Black: Season 6: I'm the Talking Ass","05/10/2018"
"Orange Is the New Black: Season 6: Look Out for Number One","04/10/2018"
"Orange Is the New Black: Season 6: Sh*tstorm Coming","04/10/2018"
"Orange Is the New Black: Season 6: Who Knows Better Than I","04/10/2018"
"Friends: Season 7: The One with All the Cheesecakes","04/10/2018"
"Friends: Season 7: The One with the Holiday Armadillo","04/10/2018"
"Friends: Season 7: The One with All the Candy","03/10/2018"
"Friends: Season 7: The One Where Chandler Doesn't Like Dogs","03/10/2018"
"Fucking Berlin","02/10/2018"
"Friends: Season 7: The One with Ross' Library Book","01/10/2018"
"Friends: Season 7: The One with the Nap Partners","01/10/2018"
"Friends: Season 7: The One with the Engagement Picture","30/09/2018"
"The Bourne Identity","27/09/2018"
"13 Reasons Why: Season 2: Bye","23/09/2018"
"13 Reasons Why: Season 2: Bryce and Chloe","23/09/2018"
"13 Reasons Why: Season 2: The Box of Polaroids","23/09/2018"
"13 Reasons Why: Season 2: Smile, Bitches","22/09/2018"
"13 Reasons Why: Season 2: The Missing Page","22/09/2018"
"13 Reasons Why: Season 2: The Little Girl","19/09/2018"
"13 Reasons Why: Season 2: The Third Polaroid","19/09/2018"
"13 Reasons Why: Season 2: The Smile at the End of the Dock","19/09/2018"
"13 Reasons Why: Season 2: The Chalk Machine","19/09/2018"
"13 Reasons Why: Season 2: The Second Polaroid","17/09/2018"
"13 Reasons Why: Season 2: The Drunk Slut","17/09/2018"
"13 Reasons Why: Season 2: Two Girls Kissing","17/09/2018"
"13 Reasons Why: Season 2: The First Polaroid","16/09/2018"
"Rango","16/09/2018"
"To All the Boys I’ve Loved Before","16/09/2018"
"13 Reasons Why: Season 1: Tape 7, Side A","14/09/2018"
"13 Reasons Why: Season 1: Tape 6, Side B","14/09/2018"
"13 Reasons Why: Season 1: Tape 6, Side A","13/09/2018"
"13 Reasons Why: Season 1: Tape 5, Side B","12/09/2018"
"13 Reasons Why: Season 1: Tape 5, Side A","11/09/2018"
"13 Reasons Why: Season 1: Tape 4, Side B","10/09/2018"
"13 Reasons Why: Season 1: Tape 4, Side A","10/09/2018"
"13 Reasons Why: Season 1: Tape 3, Side B","10/09/2018"
"13 Reasons Why: Season 1: Tape 1, Side A","09/09/2018"
"Adventure Time: Season 1: City of Thieves","09/09/2018"
"Adventure Time: Season 1: Evicted!","09/09/2018"
"Adventure Time: Season 1: Ricardio the Heart Guy","09/09/2018"
"Adventure Time: Season 1: Slumber Party Panic","09/09/2018"
"Disenchantment: Part 1: Dreamland Falls","08/09/2018"
"Disenchantment: Part 1: To Thine Own Elf Be True","08/09/2018"
"Disenchantment: Part 1: The Limits of Immortality","08/09/2018"
"Disenchantment: Part 1: Love's Tender Rampage","08/09/2018"
"Disenchantment: Part 1: Swamp and Circumstance","08/09/2018"
"Disenchantment: Part 1: Faster, Princess! Kill! Kill!","08/09/2018"
"Disenchantment: Part 1: Castle Party Massacre","07/09/2018"
"Disenchantment: Part 1: The Princess of Darkness","07/09/2018"
"Disenchantment: Part 1: For Whom the Pig Oinks","07/09/2018"
"Disenchantment: Part 1: A Princess, an Elf, and a Demon Walk Into a Bar","07/09/2018"
"Friends: Season 7: The One with Rachel's Assistant","06/09/2018"
"13 Reasons Why: Season 1: Tape 3, Side A","04/09/2018"
"13 Reasons Why: Season 1: Tape 2, Side B","04/09/2018"
"13 Reasons Why: Season 1: Tape 2, Side A","04/09/2018"
"13 Reasons Why: Season 1: Tape 1, Side B","04/09/2018"
"BoJack Horseman: Season 1: BoJack Horseman: The BoJack Horseman Story, Chapter One","02/09/2018"
"The Truman Show","01/09/2018"
"Friends: Season 7: The One with Phoebe's Cookies","01/09/2018"
"The Green Mile","31/08/2018"
"Billy Elliot","29/08/2018"
"Friends: Season 7: The One with Rachel's Book","26/08/2018"
"Friends: Season 7: The One with Monica's Thunder","26/08/2018"
"Friends: Season 6: The One with the Proposal: Part 2","24/08/2018"
"Friends: Season 6: The One with the Proposal: Part 1","24/08/2018"
"Friends: Season 6: The One with the Ring","24/08/2018"
"Friends: Season 6: The One Where Paul's the Man","23/08/2018"
"Better Call Saul: Season 4: Smoke","23/08/2018"
"Friends: Season 6: The One Where Ross Meets Elizabeth's Dad","23/08/2018"
"Friends: Season 6: The One with Mac and C.H.E.E.S.E","23/08/2018"
"Friends: Season 6: The One with Joey's Fridge","20/08/2018"
"Friends: Season 6: The One Where Ross Dates a Student","19/08/2018"
"Friends: Season 6: The One with Unagi","18/08/2018"
"Friends: Season 6: The One That Could Have Been: Part 2","17/08/2018"
"Kingsman: The Secret Service","17/08/2018"
"Friends: Season 6: The One That Could Have Been: Part 1","16/08/2018"
"Friends: Season 6: The One Where Chandler Can't Cry","16/08/2018"
"Friends: Season 6: The One with Rachel's Sister","15/08/2018"
"Friends: Season 6: The One with the Joke","14/08/2018"
"Friends: Season 6: The One with the Apothecary Table","14/08/2018"
"Friends: Season 6: The One with the Routine","14/08/2018"
"Friends: Season 6: The One Where Ross Got High","12/08/2018"
"Sleepless in Seattle","10/08/2018"
"El Chapo: Season 3: Episode 13","08/08/2018"
"El Chapo: Season 3: Episode 12","07/08/2018"
"El Chapo: Season 3: Episode 11","06/08/2018"
"El Chapo: Season 3: Episode 10","06/08/2018"
"El Chapo: Season 3: Episode 9","05/08/2018"
"El Chapo: Season 3: Episode 8","01/08/2018"
"El Chapo: Season 3: Episode 7","01/08/2018"
"El Chapo: Season 3: Episode 6","31/07/2018"
"El Chapo: Season 3: Episode 5","31/07/2018"
"Friends: Season 6: The One with Ross's Teeth","30/07/2018"
"El Chapo: Season 3: Episode 4","30/07/2018"
"El Chapo: Season 3: Episode 3","29/07/2018"
"El Chapo: Season 3: Episode 1","29/07/2018"
"El Chapo: Season 3: Episode 2","29/07/2018"
"Friends: Season 6: The One Where Phoebe Runs","28/07/2018"
"Friends: Season 6: The One on the Last Night","28/07/2018"
"Friends: Season 6: The One with Joey's Porsche","27/07/2018"
"Friends: Season 6: The One Where Joey Loses His Insurance","27/07/2018"
"Friends: Season 6: The One with Ross's Denial","26/07/2018"
"Friends: Season 6: The One Where Ross Hugs Rachel","26/07/2018"
"Friends: Season 6: The One After Vegas","25/07/2018"
"Friends: Season 5: The One in Vegas: Part 2","25/07/2018"
"Friends: Season 5: The One in Vegas: Part 1","25/07/2018"
"Friends: Season 5: The One with Joey's Big Break","24/07/2018"
"Friends: Season 5: The One with the Ball","24/07/2018"
"Friends: Season 5: The One with the Ride-Along","23/07/2018"
"Friends: Season 5: The One Where Ross Can't Flirt","23/07/2018"
"Friends: Season 5: The One Where Rachel Smokes","23/07/2018"
"Friends: Season 5: The One with Rachel's Inadvertent Kiss","23/07/2018"
"Friends: Season 5: The One with the Cop","22/07/2018"
"Friends: Season 5: The One with the Girl Who Hits Joey","22/07/2018"
"Friends: Season 5: The One Where Everybody Finds Out","22/07/2018"
"Friends: Season 5: The One with Joey's Bag","22/07/2018"
"Friends: Season 5: The One with Chandler's Work Laugh","20/07/2018"
"Friends: Season 5: The One with All the Resolutions","20/07/2018"
"Friends: Season 5: The One with the Inappropriate Sister","19/07/2018"
"Friends: Season 5: The One with Ross's Sandwich","19/07/2018"
"Friends: Season 5: The One with All the Thanksgivings","19/07/2018"
"Friends: Season 5: The One Where Ross Moves In","18/07/2018"
"Friends: Season 5: The One with the Yeti","18/07/2018"
"Friends: Season 5: The One with the Kips","18/07/2018"
"Friends: Season 5: The One Where Phoebe Hates PBS","17/07/2018"
"Friends: Season 5: The One Hundredth","17/07/2018"
"Friends: Season 5: The One with All the Kissing","17/07/2018"
"Friends: Season 5: The One After Ross Says Rachel","17/07/2018"
"Friends: Season 4: The One with Ross's Wedding: Part 2","17/07/2018"
"Friends: Season 4: The One with Ross's Wedding: Part 1","16/07/2018"
"Friends: Season 4: The One with the Worst Best Man Ever","16/07/2018"
"Jarhead","15/07/2018"
"Friends: Season 4: The One with the Invitation","12/07/2018"
"Friends: Season 4: The One with the Wedding Dresses","12/07/2018"
"Inside the World’s Toughest Prisons: Season 2: Brazil: The Gang Prison","08/07/2018"
"Brooklyn Nine-Nine: Season 4: Crime & Punishment","28/06/2018"
"Brooklyn Nine-Nine: Season 4: The Bank Job","28/06/2018"
"Brooklyn Nine-Nine: Season 4: The Slaughterhouse","28/06/2018"
"Brooklyn Nine-Nine: Season 4: Your Honor","25/06/2018"
"Brooklyn Nine-Nine: Season 4: Chasing Amy","25/06/2018"
"Brooklyn Nine-Nine: Season 4: Cop-Con","24/06/2018"
"Brooklyn Nine-Nine: Season 4: Moo Moo","23/06/2018"
"Brooklyn Nine-Nine: Season 4: The Last Ride","23/06/2018"
"Brooklyn Nine-Nine: Season 4: Serve & Protect","23/06/2018"
"Brooklyn Nine-Nine: Season 4: The Audit","21/06/2018"
"Brooklyn Nine-Nine: Season 4: The Fugitive: Part 2","20/06/2018"
"Brooklyn Nine-Nine: Season 4: The Fugitive: Part 1","20/06/2018"
"Brooklyn Nine-Nine: Season 4: Captain Latvia","20/06/2018"
"Brooklyn Nine-Nine: Season 4: The Overmining","18/06/2018"
"Brooklyn Nine-Nine: Season 4: Skyfire Cycle","17/06/2018"
"Friends: Season 4: The One with All the Haste","16/06/2018"
"Brooklyn Nine-Nine: Season 4: Mr. Santiago","16/06/2018"
"Brooklyn Nine-Nine: Season 1: Pilot","16/06/2018"
"Friends: Season 4: The One with Rachel's New Dress","13/06/2018"
"Brooklyn Nine-Nine: Season 4: Monster in the Closet","08/06/2018"
"Brooklyn Nine-Nine: Season 4: Halloween IV","08/06/2018"
"Brooklyn Nine-Nine: Season 4: The Night Shift","08/06/2018"
"Brooklyn Nine-Nine: Season 4: Coral Palms: Part 3","06/06/2018"
"Brooklyn Nine-Nine: Season 4: Coral Palms: Part 2","04/06/2018"
"Brooklyn Nine-Nine: Season 4: Coral Palms: Part 1","04/06/2018"
"Public Enemies","02/06/2018"
"The Big Bang Theory: Season 10: The Birthday Synchronicity","02/06/2018"
"Friends: Season 4: The One with the Free Porn","01/06/2018"
"Friends: Season 4: The One with the Fake Party","01/06/2018"
"Friends: Season 4: The One with All the Rugby","01/06/2018"
"Friends: Season 4: The One with Joey's Dirty Day","29/05/2018"
"Friends: Season 4: The One with Rachel's Crush","29/05/2018"
"Friends: Season 4: The One with the Embryos","29/05/2018"
"Friends: Season 4: The One with Phoebe's Uterus","28/05/2018"
"Friends: Season 4: The One with the Girl from Poughkeepsie","27/05/2018"
"Friends: Season 4: The One Where They're Going to Party","26/05/2018"
"Friends: Season 4: The One with Chandler in a Box","25/05/2018"
"Friends: Season 4: The One Where Chandler Crosses the Line","23/05/2018"
"Money Heist: Part 2: Episode 9","22/05/2018"
"Money Heist: Part 2: Episode 8","19/05/2018"
"Defiance","19/05/2018"
"Money Heist: Part 2: Episode 7","18/05/2018"
"Money Heist: Part 2: Episode 6","16/05/2018"
"Money Heist: Part 2: Episode 5","16/05/2018"
"Money Heist: Part 2: Episode 4","15/05/2018"
"Money Heist: Part 2: Episode 3","15/05/2018"
"Money Heist: Part 2: Episode 2","08/05/2018"
"Money Heist: Part 2: Episode 1","08/05/2018"
"Money Heist: Part 1: Episode 13","08/05/2018"
"Money Heist: Part 1: Episode 12","08/05/2018"
"Money Heist: Part 1: Episode 11","08/05/2018"
"Money Heist: Part 1: Episode 10","06/05/2018"
"Money Heist: Part 1: Episode 9","06/05/2018"
"Friends: Season 4: The One with the Dirty Girl","01/05/2018"
"Friends: Season 4: The One with Joey's New Girlfriend","01/05/2018"
"Money Heist: Part 1: Episode 8","29/04/2018"
"Friends: Season 4: The One with the Ballroom Dancing","29/04/2018"
"Friends: Season 4: The One with the 'Cuffs","29/04/2018"
"Money Heist: Part 1: Episode 7","28/04/2018"
"Friends: Season 4: The One with the Cat","26/04/2018"
"Money Heist: Part 1: Episode 6","18/04/2018"
"Money Heist: Part 1: Episode 5","18/04/2018"
"Money Heist: Part 1: Episode 4","16/04/2018"
"Money Heist: Part 1: Episode 2","16/04/2018"
"Money Heist: Part 1: Episode 1","16/04/2018"
"Friends: Season 4: The One with the Jellyfish","14/04/2018"
"Friends: Season 3: The One at the Beach","14/04/2018"
"Friends: Season 3: The One with the Ultimate Fighting Champion","14/04/2018"
"Friends: Season 3: The One with Ross's Thing","13/04/2018"
"Friends: Season 3: The One with the Screamer","13/04/2018"
"Friends: Season 3: The One with a Chick. And a Duck","12/04/2018"
"Friends: Season 3: The One with the Dollhouse","12/04/2018"
"Friends: Season 3: The One with the Tiny T-Shirt","11/04/2018"
"Friends: Season 3: The One with the Hypnosis Tape","11/04/2018"
"Friends: Season 3: The One Without the Ski Trip","10/04/2018"
"Friends: Season 3: The One The Morning After","10/04/2018"
"Friends: Season 3: The One Where Ross & Rachel Take a Break","09/04/2018"
"Friends: Season 3: The One with Phoebe's Ex-Partner","08/04/2018"
"Friends: Season 3: The One Where Monica & Richard Are Just Friends","08/04/2018"
"Friends: Season 3: The One with All the Jealousy","08/04/2018"
"Friends: Season 3: The One Where Chandler Can't Remember Which Sister","08/04/2018"
"Friends: Season 3: The One Where Rachel Quits","07/04/2018"
"Friends: Season 3: The One with the Football","07/04/2018"
"Friends: Season 3: The One with the Giant Poking Device","07/04/2018"
"Friends: Season 3: The One with the Race Car Bed","07/04/2018"
"Friends: Season 3: The One with the Flashback","06/04/2018"
"Friends: Season 3: The One with Frank Jr","06/04/2018"
"Friends: Season 3: The One with the Metaphorical Tunnel","06/04/2018"
"Friends: Season 3: The One with the Jam","06/04/2018"
"Friends: Season 3: The One Where No One's Ready","06/04/2018"
"Friends: Season 3: The One with the Princess Leia Fantasy","06/04/2018"
"Friends: Season 2: The One with Barry and Mindy's Wedding","05/04/2018"
"Friends: Season 2: The One with the Chicken Pox","05/04/2018"
"Friends: Season 2: The One with the Two Parties","04/04/2018"
"Friends: Season 2: The One with the Bullies","04/04/2018"
"Friends: Season 2: The One Where Old Yeller Dies","03/04/2018"
"Friends: Season 2: The One Where Eddie Won't Go","03/04/2018"
"Friends: Season 2: The One Where Dr. Ramoray Dies","03/04/2018"
"Friends: Season 2: The One Where Eddie Moves In","02/04/2018"
"NSU German History X: Season 1: The Victims","01/04/2018"
"Friends: Season 2: The One Where Joey Moves Out","30/03/2018"
"The Big Bang Theory: Season 10: The Property Division Collision","29/03/2018"
"Friends: Season 2: The One Where Ross and Rachel...You Know","28/03/2018"
"Friends: Season 2: The One with the Prom Video","27/03/2018"
"Friends: Season 2: The One After the Super Bowl: Part 2","27/03/2018"
"Friends: Season 2: The One After the Super Bowl: Part 1","27/03/2018"
"Black Hawk Down","26/03/2018"
"Friends: Season 2: The One with the Lesbian Wedding","25/03/2018"
"Friends: Season 2: The One with Russ","24/03/2018"
"Friends: Season 2: The One with Phoebe's Dad","24/03/2018"
"Friends: Season 2: The One with the List","23/03/2018"
"Friends: Season 2: The One Where Ross Finds Out","22/03/2018"
"Friends: Season 2: The One with the Baby on the Bus","22/03/2018"
"Friends: Season 2: The One with Five Steaks and an Eggplant","21/03/2018"
"Friends: Season 2: The One with Phoebe's Husband","18/03/2018"
"Friends: Season 2: The One Where Heckles Dies","17/03/2018"
"Friends: Season 2: The One with the Breast Milk","17/03/2018"
"Friends: Season 2: The One with Ross's New Girlfriend","17/03/2018"
"Friends: Season 1: The One Where Rachel Finds Out","16/03/2018"
"Friends: Season 1: The One with the Birth","16/03/2018"
"Friends: Season 1: The One with the Ick Factor","16/03/2018"
"The Big Bang Theory: Season 10: The Fetal Kick Catalyst","16/03/2018"
"The Terminal","16/03/2018"
"Friends: Season 1: The One with the Fake Monica","15/03/2018"
"Friends: Season 1: The One with the Evil Orthodontist","12/03/2018"
"Friends: Season 1: The One Where the Monkey Gets Away","12/03/2018"
"Friends: Season 1: The One with All the Poker","11/03/2018"
"Friends: Season 1: The One with the Two Parts: Part 2","11/03/2018"
" ","11/03/2018"
"Friends: Season 1: The One with the Two Parts: Part 1","10/03/2018"
"Friends: Season 1: The One with the Stoned Guy","09/03/2018"
"Friends: Season 1: The One with the Candy Hearts","08/03/2018"
"Friends: Season 1: The One with the Boobies","07/03/2018"
"Friends: Season 1: The One with the Dozen Lasagnas","05/03/2018"
"Friends: Season 1: The One with Mrs. Bing","05/03/2018"
"Hitler's Circle of Evil: Season 1: Heroes & Misfits","02/03/2018"
"Friends: Season 1: The One with the Monkey","02/03/2018"
"Braveheart","02/03/2018"
"The Big Bang Theory: Season 10: The Hot Tub Contamination","28/02/2018"
"The Big Bang Theory: Season 10: The Cohabitation Experimentation","28/02/2018"
"The Big Bang Theory: Season 10: The Dependence Transcendence","28/02/2018"
"The Big Bang Theory: Season 10: The Military Miniaturization","28/02/2018"
"Friends: Season 1: The One Where Underdog Gets Away","27/02/2018"
"Friends: Season 1: The One Where Nana Dies Twice","27/02/2018"
"Friends: Season 1: The One with the Blackout","27/02/2018"
"Friends: Season 1: The One with the Butt","27/02/2018"
"Friends: Season 1: The One with the East German Laundry Detergent","27/02/2018"
"The Wolf of Wall Street","26/02/2018"
"The Big Bang Theory: Season 10: The Conjugal Conjecture","25/02/2018"
"Inglourious Basterds","24/02/2018"
"Mission: Impossible - Ghost Protocol","16/02/2018"
"Friends: Season 1: The One with George Stephanopoulos","16/02/2018"
"Friends: Season 1: The One with the Thumb","15/02/2018"
"Friends: Season 1: The One with the Sonogram at the End","15/02/2018"
"Brooklyn Nine-Nine: Season 3: Greg and Larry","14/02/2018"
"Brooklyn Nine-Nine: Season 3: The Bureau","13/02/2018"
"Brooklyn Nine-Nine: Season 3: Maximum Security","12/02/2018"
"Dirty Money: Season 1: Cartel Bank","11/02/2018"
"Brooklyn Nine-Nine: Season 3: Cheddar","11/02/2018"
"Friends: Season 1: The One Where Monica Gets a Roommate (Pilot)","11/02/2018"
"Brooklyn Nine-Nine: Season 3: Adrian Pimento","11/02/2018"
"Brooklyn Nine-Nine: Season 3: House Mouses","11/02/2018"
"Brooklyn Nine-Nine: Season 3: The 9-8","10/02/2018"
"Brooklyn Nine-Nine: Season 3: Karen Peralta","09/02/2018"
"Brooklyn Nine-Nine: Season 3: The Cruise","08/02/2018"
"Brooklyn Nine-Nine: Season 3: 9 Days","08/02/2018"
"Brooklyn Nine-Nine: Season 3: Hostage Situation","08/02/2018"
"Brooklyn Nine-Nine: Season 3: Yippie Kayak","08/02/2018"
"Brooklyn Nine-Nine: Season 3: The Swedes","08/02/2018"
"Brooklyn Nine-Nine: Season 3: Ava","07/02/2018"
"Brooklyn Nine-Nine: Season 3: The Mattress","07/02/2018"
"Brooklyn Nine-Nine: Season 3: Into the Woods","06/02/2018"
"Brooklyn Nine-Nine: Season 3: Halloween Part III","06/02/2018"
"Brooklyn Nine-Nine: Season 3: The Oolong Slayer","05/02/2018"
"Dirty Money: Season 1: Hard NOx","05/02/2018"
"Coach Snoop: Season 1: Love Of The Game","04/02/2018"
"Coach Snoop: Season 1: To Live And Die In LA","04/02/2018"
"Brooklyn Nine-Nine: Season 3: Boyle's Hunch","04/02/2018"
"Brooklyn Nine-Nine: Season 3: The Funeral","04/02/2018"
"Brooklyn Nine-Nine: Season 3: New Captain","03/02/2018"
"Brooklyn Nine-Nine: Season 2: Johnny and Dora","03/02/2018"
"Brooklyn Nine-Nine: Season 2: The Chopper","02/02/2018"
"Brooklyn Nine-Nine: Season 2: Det. Dave Majors","02/02/2018"
"Brooklyn Nine-Nine: Season 2: AC/DC","01/02/2018"
"Brooklyn Nine-Nine: Season 2: Sabotage","01/02/2018"
"Brooklyn Nine-Nine: Season 2: Captain Peralta","01/02/2018"
"Brooklyn Nine-Nine: Season 2: Boyle-Linetti Wedding","01/02/2018"
"Brooklyn Nine-Nine: Season 2: The Wednesday Incident","31/01/2018"
"Brooklyn Nine-Nine: Season 2: Windbreaker City","30/01/2018"
"Brooklyn Nine-Nine: Season 2: The Defense Rests","29/01/2018"
"Brooklyn Nine-Nine: Season 2: Payback","29/01/2018"
"Brooklyn Nine-Nine: Season 2: Beach House","28/01/2018"
"Brooklyn Nine-Nine: Season 2: Stakeout","27/01/2018"
"Brooklyn Nine-Nine: Season 2: The Pontiac Bandit Returns","27/01/2018"
"Brooklyn Nine-Nine: Season 2: The Road Trip","26/01/2018"
"Brooklyn Nine-Nine: Season 2: USPIS","26/01/2018"
"Cowspiracy: The Sustainability Secret","25/01/2018"
"Brooklyn Nine-Nine: Season 2: The Mole","25/01/2018"
"Brooklyn Nine-Nine: Season 2: Halloween II","24/01/2018"
"Brooklyn Nine-Nine: Season 2: The Jimmy Jab Games","24/01/2018"
"Brooklyn Nine-Nine: Season 2: Chocolate Milk","24/01/2018"
"Brooklyn Nine-Nine: Season 2: Undercover","23/01/2018"
"Brooklyn Nine-Nine: Season 1: Charges and Specs","23/01/2018"
"Brooklyn Nine-Nine: Season 1: Unsolvable","23/01/2018"
"Brooklyn Nine-Nine: Season 1: Fancy Brudgom","22/01/2018"
"Brooklyn Nine-Nine: Season 1: Tactical Village","22/01/2018"
"Brooklyn Nine-Nine: Season 1: The Apartment","22/01/2018"
"Brooklyn Nine-Nine: Season 1: Full Boyle","21/01/2018"
"Brooklyn Nine-Nine: Season 1: The Party","21/01/2018"
"Brooklyn Nine-Nine: Season 1: Operation: Broken Feather","21/01/2018"
"Drug Lords: Season 1: Pablo Escobar","21/01/2018"
"The Italian Job","19/01/2018"
"Brooklyn Nine-Nine: Season 1: The Ebony Falcon","19/01/2018"
"Brooklyn Nine-Nine: Season 1: The Bet","18/01/2018"
"Brooklyn Nine-Nine: Season 1: Pontiac Bandit","18/01/2018"
"The Blue Planet: A Natural History of the Oceans: Season 1: Seasonal Seas","18/01/2018"
"The Blue Planet: A Natural History of the Oceans: Season 1: Frozen Seas","18/01/2018"
"The Blue Planet: A Natural History of the Oceans: Season 1: Open Ocean","18/01/2018"
"The Blue Planet: A Natural History of the Oceans: Season 1: The Deep","18/01/2018"
"The Blue Planet: A Natural History of the Oceans: Season 1: Ocean World","18/01/2018"
"Brooklyn Nine-Nine: Season 1: Christmas","16/01/2018"
"Brooklyn Nine-Nine: Season 1: Thanksgiving","16/01/2018"
"Mudbound","12/01/2018"
"Brooklyn Nine-Nine: Season 1: Sal's Pizza","10/01/2018"
"Brooklyn Nine-Nine: Season 1: Old School","10/01/2018"
"Brooklyn Nine-Nine: Season 1: 48 Hours","10/01/2018"
"Brooklyn Nine-Nine: Season 1: Halloween","10/01/2018"
"Vikings: Season 4: The Reckoning","03/01/2018"
"Vikings: Season 4: On the Eve","03/01/2018"
"Vikings: Season 4: Revenge","03/01/2018"
"Vikings: Season 4: The Great Army","03/01/2018"
"Vikings: Season 4: Crossing","03/01/2018"
"Vikings: Season 4: All His Angels","03/01/2018"
"Vikings: Season 4: In the Uncertain Hour Before the Morning","03/01/2018"
"Vikings: Season 4: Two Journeys","03/01/2018"
"Vikings: Season 4: The Vision","02/01/2018"
"Vikings: Season 4: The Outsider","02/01/2018"
"Vikings: Season 4: The Last Ship","02/01/2018"
"Vikings: Season 4: Death All 'Round","01/01/2018"
"Vikings: Season 4: Portage","01/01/2018"
"Vikings: Season 4: The Profit and the Loss","31/12/2017"
"Vikings: Season 4: What Might Have Been","31/12/2017"
"Vikings: Season 4: Promised","30/12/2017"
"Brooklyn Nine-Nine: Season 1: The Vulture","29/12/2017"
"Vikings: Season 4: Yol","28/12/2017"
"Vikings: Season 4: Mercy","28/12/2017"
"Vikings: Season 4: Kill the Queen","27/12/2017"
"Vikings: Season 4: A Good Treason","27/12/2017"
"Vikings: Season 3: The Dead","25/12/2017"
"Vikings: Season 3: Breaking Point","23/12/2017"
"Vikings: Season 3: To the Gates!","22/12/2017"
"Vikings: Season 3: Paris","22/12/2017"
"Vikings: Season 3: Born Again","22/12/2017"
"El Chapo: Season 2: Episode 12","21/12/2017"
"El Chapo: Season 2: Episode 11","21/12/2017"
"El Chapo: Season 2: Episode 10","20/12/2017"
"El Chapo: Season 2: Episode 9","20/12/2017"
"El Chapo: Season 2: Episode 8","20/12/2017"
"El Chapo: Season 2: Episode 7","19/12/2017"
"El Chapo: Season 2: Episode 6","19/12/2017"
"El Chapo: Season 2: Episode 5","18/12/2017"
"El Chapo: Season 2: Episode 4","18/12/2017"
"El Chapo: Season 2: Episode 3","17/12/2017"
"El Chapo: Season 2: Episode 2","17/12/2017"
"El Chapo: Season 2: Episode 1","16/12/2017"
"Vikings: Season 3: The Usurper","15/12/2017"
"Vikings: Season 3: Scarred","15/12/2017"
"Schindler's List","03/12/2017"
"Vikings: Season 3: Warrior's Fate","30/11/2017"
"Vikings: Season 3: The Wanderer","30/11/2017"
"Vikings: Season 3: Mercenary","28/11/2017"
"Brooklyn Nine-Nine: Season 1: M.E. Time","26/11/2017"
"Vikings: Season 2: The Lord's Prayer","26/11/2017"
"Brooklyn Nine-Nine: Season 1: The Slump","24/11/2017"
"Vikings: Season 2: The Choice","24/11/2017"
"Brooklyn Nine-Nine: Season 1: The Tagger","23/11/2017"
"Enemy at the Gates","23/11/2017"
"Vikings: Season 2: Boneless","21/11/2017"
"A Beautiful Mind","21/11/2017"
"Vikings: Season 2: Blood Eagle","19/11/2017"
"Vikings: Season 2: Unforgiven","18/11/2017"
"Vikings: Season 2: Eye for an Eye","18/11/2017"
"Vikings: Season 2: Answers in Blood","17/11/2017"
"Vikings: Season 2: Treachery","09/11/2017"
"Vikings: Season 2: Invasion","08/11/2017"
"Vikings: Season 2: Brother's War","07/11/2017"
"Vikings: Season 1: All Change","06/11/2017"
"Vikings: Season 1: Sacrifice","05/11/2017"
"Shooter","05/11/2017"
"Chapo: el escape del siglo","04/11/2017"
"Vikings: Season 1: A King's Ransom","03/11/2017"
"The Day I Met El Chapo: Series 1: Destined to Meet","03/11/2017"
"El Chapo: Season 1: Episode 9","02/11/2017"
"El Chapo: Season 1: Episode 8","02/11/2017"
"El Chapo: Season 1: Episode 7","01/11/2017"
"El Chapo: Season 1: Episode 6","01/11/2017"
"El Chapo: Season 1: Episode 2","01/11/2017"
"El Chapo: Season 1: Episode 5","30/10/2017"
"El Chapo: Season 1: Episode 4","30/10/2017"
"El Chapo: Season 1: Episode 3","30/10/2017"
"El Chapo: Season 1: Episode 1","29/10/2017"
"The Walking Dead: Season 7: The First Day of the Rest of Your Life","29/10/2017"
"The Walking Dead: Season 7: The Well","29/10/2017"
"The Walking Dead: Season 7: The Day Will Come When You Won't Be","29/10/2017"
"Vikings: Season 1: Burial of the Dead","26/10/2017"
"Vikings: Season 1: Raid","26/10/2017"
"Vikings: Season 1: Trial","26/10/2017"
"Inception","24/10/2017"
"Vikings: Season 1: Dispossessed","24/10/2017"
"Vikings: Season 1: Wrath of the Northmen","22/10/2017"
"Vikings: Season 1: Rites of Passage","21/10/2017"
"The Hurt Locker","21/10/2017"
"War Machine","05/10/2017"
"Sand Castle","05/10/2017"
"BoJack Horseman: Season 4: What Time Is It Right Now","04/10/2017"
"BoJack Horseman: Season 4: Time's Arrow","04/10/2017"
"BoJack Horseman: Season 4: lovin that cali lifestyle!!","02/10/2017"
"BoJack Horseman: Season 4: Ruthie","02/10/2017"
"BoJack Horseman: Season 4: The Judge","29/09/2017"
"American Sniper","29/09/2017"
"BoJack Horseman: Season 4: Underground","28/09/2017"
"Fight Club","27/09/2017"
"BoJack Horseman: Season 4: Stupid Piece of Sh*t","26/09/2017"
"BoJack Horseman: Season 4: Thoughts and Prayers","25/09/2017"
"BoJack Horseman: Season 4: Commence Fracking","25/09/2017"
"BoJack Horseman: Season 4: Hooray! Todd Episode!","22/09/2017"
"BoJack Horseman: Season 4: The Old Sugarman Place","20/09/2017"
"BoJack Horseman: Season 4: See Mr. Peanutbutter Run","19/09/2017"
"Narcos: Season 3: Going Back to Cali","18/09/2017"
"Narcos: Season 3: Todos Los Hombres del Presidente","17/09/2017"
"Narcos: Season 3: Convivir","17/09/2017"
"Narcos: Season 3: Sin Salida","17/09/2017"
"Narcos: Season 3: Best Laid Plans","14/09/2017"
"Narcos: Season 3: MRO","12/09/2017"
"Narcos: Season 3: Checkmate","10/09/2017"
"Narcos: Season 3: Follow the Money","09/09/2017"
"Narcos: Season 3: The Cali KGB","08/09/2017"
"Narcos: Season 3: The Kingpin Strategy","06/09/2017"
"The Shawshank Redemption","13/08/2017"
"Better Call Saul: Season 3: Lantern","08/08/2017"
"Better Call Saul: Season 3: Fall","02/08/2017"
"Better Call Saul: Season 3: Slip","01/08/2017"
"The Big Bang Theory: Season 9: The Convergence Convergence","01/08/2017"
"Better Call Saul: Season 3: Expenses","01/08/2017"
"The Big Bang Theory: Season 9: The Line Substitution Solution","31/07/2017"
"The Big Bang Theory: Season 9: The Fermentation Bifurcation","30/07/2017"
"Better Call Saul: Season 3: Off Brand","28/07/2017"
"The Big Bang Theory: Season 9: The Viewing Party Combustion","27/07/2017"
"Better Call Saul: Season 3: Chicanery","27/07/2017"
"Better Call Saul: Season 3: Sabrosito","27/07/2017"
"The Big Bang Theory: Season 9: The Big Bear Precipitation","27/07/2017"
"The Big Bang Theory: Season 9: The Solder Excursion Diversion","27/07/2017"
"The Big Bang Theory: Season 9: The Application Deterioration","26/07/2017"
"The Big Bang Theory: Season 9: The Celebration Experimentation","26/07/2017"
"The Big Bang Theory: Season 9: The Positive Negative Reaction","25/07/2017"
"The Big Bang Theory: Season 9: The Valentino Submergence","25/07/2017"
"The Big Bang Theory: Season 9: The Meemaw Materialization","25/07/2017"
"The Big Bang Theory: Season 9: The Empathy Optimization","25/07/2017"
"The Big Bang Theory: Season 9: The Sales Call Sublimation","24/07/2017"
"The Big Bang Theory: Season 9: The Opening Night Excitation","24/07/2017"
"The Big Bang Theory: Season 9: The Earworm Reverberation","24/07/2017"
"The Big Bang Theory: Season 9: The Platonic Permutation","24/07/2017"
"The Big Bang Theory: Season 9: The Mystery Date Observation","24/07/2017"
"The Big Bang Theory: Season 9: The Spock Resonance","24/07/2017"
"The Big Bang Theory: Season 9: The Helium Insufficiency","24/07/2017"
"The Big Bang Theory: Season 9: The Perspiration Implementation","24/07/2017"
"The Big Bang Theory: Season 9: The 2003 Approximation","24/07/2017"
"The Big Bang Theory: Season 9: The Bachelor Party Corrosion","24/07/2017"
"The Big Bang Theory: Season 9: The Separation Oscillation","24/07/2017"
"The Big Bang Theory: Season 9: The Matrimonial Momentum","23/07/2017"
"The Lion King","23/07/2017"
"Better Call Saul: Season 3: Sunk Costs","21/07/2017"
"Orange Is the New Black: Season 5: Storm-y Weather","20/07/2017"
"Sherlock: Series 1: A Study in Pink","20/07/2017"
"Orange Is the New Black: Season 5: Tattoo You","20/07/2017"
"Orange Is the New Black: Season 5: Breaking the Fiberboard Ceiling","16/07/2017"
"Orange Is the New Black: Season 5: The Reverse Midas Touch","16/07/2017"
"Orange Is the New Black: Season 5: The Tightening","16/07/2017"
"Orange Is the New Black: Season 5: Tied to the Tracks","16/07/2017"
"Orange Is the New Black: Season 5: Full Bush, Half Snickers","15/07/2017"
"Orange Is the New Black: Season 5: Flaming Hot Cheetos, Literally","14/07/2017"
"Orange Is the New Black: Season 5: Sing It, White Effie","28/06/2017"
"Orange Is the New Black: Season 5: Litchfield's Got Talent","25/06/2017"
"House of Cards: Season 5: Chapter 65","25/06/2017"
"House of Cards: Season 5: Chapter 64","25/06/2017"
"House of Cards: Season 5: Chapter 63","25/06/2017"
"House of Cards: Season 5: Chapter 62","24/06/2017"
"House of Cards: Season 5: Chapter 61","19/06/2017"
"House of Cards: Season 5: Chapter 60","19/06/2017"
"House of Cards: Season 5: Chapter 59","18/06/2017"
"Orange Is the New Black: Season 5: Pissters!","17/06/2017"
"Superbad","13/06/2017"
"Orange Is the New Black: Season 5: F*ck, Marry, Frieda","13/06/2017"
"Orange Is the New Black: Season 5: Riot FOMO","11/06/2017"
"How I Met Your Mother: Season 9: Last Forever: Part Two","08/06/2017"
"How I Met Your Mother: Season 9: Last Forever: Part One","08/06/2017"
"House of Cards: Season 5: Chapter 58","07/06/2017"
"House of Cards: Season 5: Chapter 57","07/06/2017"
"House of Cards: Season 5: Chapter 56","06/06/2017"
"House of Cards: Season 5: Chapter 55","03/06/2017"
"House of Cards: Season 5: Chapter 54","03/06/2017"
"House of Cards: Season 5: Chapter 53","02/06/2017"
"How I Met Your Mother: Season 9: The End of the Aisle","29/05/2017"
"How I Met Your Mother: Season 9: Gary Blauman","29/05/2017"
"How I Met Your Mother: Season 9: Daisy","28/05/2017"
"How I Met Your Mother: Season 9: Vesuvius","28/05/2017"
"How I Met Your Mother: Season 9: Rally","28/05/2017"
"How I Met Your Mother: Season 9: Sunrise","28/05/2017"
"How I Met Your Mother: Season 9: How Your Mother Met Me","28/05/2017"
"Better Call Saul: Season 3: Witness","27/05/2017"
"How I Met Your Mother: Season 9: Unpause","27/05/2017"
"How I Met Your Mother: Season 9: Slapsgiving 3: Slappointment in Slapmarra","27/05/2017"
"How I Met Your Mother: Season 9: Bass Player Wanted","27/05/2017"
"How I Met Your Mother: Season 9: The Rehearsal Dinner","25/05/2017"
"How I Met Your Mother: Season 9: Bedtime Stories","25/05/2017"
"How I Met Your Mother: Season 9: Mom and Dad","24/05/2017"
"The Fear of 13","21/05/2017"
"How I Met Your Mother: Season 9: Platonish","19/05/2017"
"How I Met Your Mother: Season 9: The Lighthouse","16/05/2017"
"How I Met Your Mother: Season 9: No Questions Asked","15/05/2017"
"How I Met Your Mother: Season 9: Knight Vision","15/05/2017"
"How I Met Your Mother: Season 9: The Poker Game","02/05/2017"
"How I Met Your Mother: Season 9: The Broken Code","25/04/2017"
"How I Met Your Mother: Season 9: Last Time in New York","25/04/2017"
"How I Met Your Mother: Season 9: Coming Back","22/04/2017"
"How I Met Your Mother: Season 9: The Locket","22/04/2017"
"Better Call Saul: Season 3: Mabel","22/04/2017"
"BoJack Horseman Christmas Special: Sabrina's Christmas Wish","09/04/2017"
"Family Guy: Season 10: Lottery Fever","06/04/2017"
"The Godfather","03/04/2017"
"BoJack Horseman: Season 3: That Went Well","31/03/2017"
"BoJack Horseman: Season 3: That's Too Much, Man!","31/03/2017"
"BoJack Horseman: Season 3: It's You","30/03/2017"
"BoJack Horseman: Season 3: Best Thing That Ever Happened","28/03/2017"
"BoJack Horseman: Season 3: Old Acquaintance","28/03/2017"
"BoJack Horseman: Season 3: Stop the Presses","25/03/2017"
"BoJack Horseman: Season 3: Brrap Brrap Pew Pew","25/03/2017"
"BoJack Horseman: Season 3: Love And/Or Marriage","22/03/2017"
"BoJack Horseman: Season 3: Fish Out Of Water","18/03/2017"
"BoJack Horseman: Season 3: BoJack Kills","15/03/2017"
"BoJack Horseman: Season 3: The BoJack Horseman Show","14/03/2017"
"Django Unchained","13/03/2017"
"BoJack Horseman: Season 3: Start Spreading the News","10/03/2017"
"BoJack Horseman: Season 2: Out to Sea","07/03/2017"
"BoJack Horseman: Season 2: Escape from L.A.","07/03/2017"
"BoJack Horseman: Season 2: Yes And","07/03/2017"
"BoJack Horseman: Season 2: The Shot","17/02/2017"
"BoJack Horseman: Season 2: Let's Find Out","17/02/2017"
"BoJack Horseman: Season 2: Hank After Dark","16/02/2017"
"BoJack Horseman: Season 2: Higher Love","16/02/2017"
"BoJack Horseman: Season 2: Chickens","14/02/2017"
"BoJack Horseman: Season 2: After the Party","12/02/2017"
"BoJack Horseman: Season 2: Still Broken","11/02/2017"
"BoJack Horseman: Season 2: Yesterdayland","10/02/2017"
"BoJack Horseman: Season 2: Brand New Couch","09/02/2017"
"BoJack Horseman: Season 1: Later","09/02/2017"
"BoJack Horseman: Season 1: Downer Ending","08/02/2017"
"House of Cards: Season 4: Chapter 52","08/02/2017"
"House of Cards: Season 3: Chapter 39","08/02/2017"
"BoJack Horseman: Season 1: One Trick Pony","06/02/2017"
"BoJack Horseman: Season 1: Horse Majeure","02/02/2017"
"BoJack Horseman: Season 1: The Telescope","02/02/2017"
"BoJack Horseman: Season 1: Say Anything","01/02/2017"
"BoJack Horseman: Season 1: Our A-Story Is a 'D' Story","01/02/2017"
"BoJack Horseman: Season 1: Live Fast, Diane Nguyen","01/02/2017"
"BoJack Horseman: Season 1: Zoës and Zeldas","01/02/2017"
"BoJack Horseman: Season 1: Prickly-Muffin","01/02/2017"
"Cartel Land","28/01/2017"
"Living on One Dollar","26/01/2017"
"Marco Polo: Season 2: The Fellowship","26/01/2017"
"Marco Polo: Season 2: Heirs","25/01/2017"
"Marco Polo: Season 2: Whitehorse","25/01/2017"
"Marco Polo: Season 2: Lost Crane","25/01/2017"
"Marco Polo: Season 2: Serpent's Terms","23/01/2017"
"Marco Polo: Season 2: Lullaby","23/01/2017"
"Marco Polo: Season 2: Let God's Work Begin","22/01/2017"
"Marco Polo: Season 2: Measure Against the Linchpin","21/01/2017"
"Marco Polo: Season 2: Hug","20/01/2017"
"Marco Polo: Season 2: Hunter and the Sable Weaver","19/01/2017"
"Marco Polo: Season 1: The Heavenly and Primal","19/01/2017"
"Marco Polo: One Hundred Eyes","18/01/2017"
"Marco Polo: Season 1: Prisoners","18/01/2017"
"Marco Polo: Season 1: Rendering","18/01/2017"
"Marco Polo: Season 1: The Scholar's Pen","16/01/2017"
"Marco Polo: Season 1: White Moon","16/01/2017"
"Marco Polo: Season 1: Hashshashin","15/01/2017"
"Marco Polo: Season 1: The Fourth Step","12/01/2017"
"Marco Polo: Season 1: Feast","09/01/2017"
"Marco Polo: Season 1: The Wolf and the Deer","09/01/2017"
"Marco Polo: Season 1: The Wayfarer","08/01/2017"
"The Last Kingdom: Season 1: Episode 8","06/01/2017"
"The Last Kingdom: Season 1: Episode 7","04/01/2017"
"The Last Kingdom: Season 1: Episode 6","03/01/2017"
"The Last Kingdom: Season 1: Episode 5","03/01/2017"
"Beasts of No Nation","02/01/2017"
"The Last Kingdom: Season 1: Episode 4","01/01/2017"
"The Last Kingdom: Season 1: Episode 3","01/01/2017"
"The Last Kingdom: Season 1: Episode 2","01/01/2017"
"House of Cards: Season 1: Chapter 4","31/12/2016"
"House of Cards: Season 1: Chapter 3","30/12/2016"
"House of Cards: Season 1: Chapter 2","29/12/2016"
"House of Cards: Season 1: Chapter 1","28/12/2016"
"Orange Is the New Black: Season 4: Toast Can’t Never Be Bread Again","26/12/2016"
"Orange Is the New Black: Season 4: The Animals","25/12/2016"
"Orange Is the New Black: Season 4: People Persons","24/12/2016"
"Orange Is the New Black: Season 4: Bunny, Skull, Bunny, Skull","24/12/2016"
"Orange Is the New Black: Season 4: Turn Table Turn","22/12/2016"
"Orange Is the New Black: Season 4: Friends in Low Places","21/12/2016"
"Orange Is the New Black: Season 4: It Sounded Nicer in My Head","18/12/2016"
"Orange Is the New Black: Season 4: Piece of Sh*t","14/12/2016"
"Orange Is the New Black: Season 4: We’ll Always Have Baltimore","06/12/2016"
"Orange Is the New Black: Season 4: Doctor Psycho","06/12/2016"
"Orange Is the New Black: Season 4: (Don’t) Say Anything","05/12/2016"
"Orange Is the New Black: Season 4: Power Suit","01/12/2016"
"Orange Is the New Black: Season 4: Work That Body for Me","30/11/2016"
"Orange Is the New Black: Season 3: Trust No Bitch","29/11/2016"
"Orange Is the New Black: Season 3: Don’t Make Me Come Back There","27/11/2016"
"Orange Is the New Black: Season 3: We Can Be Heroes","27/11/2016"
"Orange Is the New Black: Season 3: A Tittin' and a Hairin'","25/11/2016"
"Orange Is the New Black: Season 3: Where My Dreidel At","24/11/2016"
"Orange Is the New Black: Season 3: Fear, and Other Smells","23/11/2016"
"Orange Is the New Black: Season 3: Tongue-Tied","20/11/2016"
"Orange Is the New Black: Season 3: Ching Chong Chang","18/11/2016"
"Orange Is the New Black: Season 3: Fake It Till You Fake It Some More","17/11/2016"
"Orange Is the New Black: Season 3: Finger in the Dyke","16/11/2016"
"Orange Is the New Black: Season 3: Empathy Is a Boner Killer","16/11/2016"
"Orange Is the New Black: Season 3: Bed Bugs and Beyond","16/11/2016"
"Orange Is the New Black: Season 3: Mother's Day","14/11/2016"
"Orange Is the New Black: Season 2: We Have Manners. We're Polite.","14/11/2016"
"Orange Is the New Black: Season 2: It Was the Change","14/11/2016"
"Orange Is the New Black: Season 2: Take a Break From Your Values","12/11/2016"
"Orange Is the New Black: Season 2: Little Mustachioed Sh*t","12/11/2016"
"Orange Is the New Black: Season 2: 40 Oz. of Furlough","12/11/2016"
"Orange Is the New Black: Season 2: Appropriately Sized Pots","11/11/2016"
"Orange Is the New Black: Season 2: Comic Sans","10/11/2016"
"Orange Is the New Black: Season 2: You Also Have a Pizza","09/11/2016"
"Orange Is the New Black: Season 2: Low Self Esteem City","08/11/2016"
"Orange Is the New Black: Season 2: A Whole Other Hole","08/11/2016"
"Orange Is the New Black: Season 2: Hugs Can Be Deceiving","08/11/2016"
"Orange Is the New Black: Season 2: Looks Blue, Tastes Red","08/11/2016"
"Orange Is the New Black: Season 2: Thirsty Bird","07/11/2016"
"Orange Is the New Black: Season 1: Can't Fix Crazy","06/11/2016"
"Orange Is the New Black: Season 1: Fool Me Once","04/11/2016"
"Orange Is the New Black: Season 1: Tall Men with Feelings","03/11/2016"
"Orange Is the New Black: Season 1: Bora Bora Bora","02/11/2016"
" ","28/10/2016"
"The Walking Dead: Season 6: Last Day on Earth","19/10/2016"
"Korengal","18/10/2016"
"The Siege of Jadotville","14/10/2016"
"Orange Is the New Black: Season 1: F*cksgiving","12/10/2016"
"Orange Is the New Black: Season 1: Moscow Mule","10/10/2016"
"Orange Is the New Black: Season 1: Blood Donut","10/10/2016"
"Orange Is the New Black: Season 1: WAC Pack","06/10/2016"
"Orange Is the New Black: Season 1: The Chickening","04/10/2016"
"Orange Is the New Black: Season 1: Imaginary Enemies","04/10/2016"
"Orange Is the New Black: Season 1: Lesbian Request Denied","02/10/2016"
"Bears","25/09/2016"
"Jessie: Season 1: New York, New Nanny","20/09/2016"
"Orange Is the New Black: Season 1: Tit Punch","20/09/2016"
"Narcos: Season 2: Al Fin Cayó!","19/09/2016"
"Narcos: Season 2: Nuestra Finca","18/09/2016"
"Narcos: Season 2: Exit El Patrón","16/09/2016"
"Narcos: Season 2: Deutschland 93","16/09/2016"
"Narcos: Season 2: Los Pepes","12/09/2016"
"Narcos: Season 2: The Enemies of My Enemy","12/09/2016"
"Hannibal: Season 1: Potage","11/09/2016"
"Hannibal: Season 1: Amuse-bouche","11/09/2016"
"Hannibal: Season 1: Apéritif","11/09/2016"
"Narcos: Season 2: The Good, The Bad, and The Dead","11/09/2016"
"Narcos: Season 2: Our Man in Madrid","04/09/2016"
"Narcos: Season 2: Cambalache","04/09/2016"
"Narcos: Season 2: Free at Last","04/09/2016"
"Forrest Gump","01/09/2016"
"The Big Bang Theory: Season 1: The Middle Earth Paradigm","14/08/2016"
"The Big Bang Theory: Season 5: The Good Guy Fluctuation","14/08/2016"
"The Beach","09/08/2016"
"Better Call Saul: Season 1: Uno","09/08/2016"
"Orange Is the New Black: Season 1: I Wasn't Ready","08/08/2016"
"Shutter Island","02/08/2016"
"Narcos: Season 1: Despegue","01/08/2016"
"Narcos: Season 1: La Catedral","01/08/2016"
"Narcos: Season 1: La Gran Mentira","30/07/2016"
"Narcos: Season 1: You Will Cry Tears of Blood","29/07/2016"
"Narcos: Season 1: Explosivos","29/07/2016"
"Narcos: Season 1: There Will Be a Future","27/07/2016"
"Narcos: Season 1: The Palace in Flames","25/07/2016"
"Narcos: Season 1: The Men of Always","22/07/2016"
"Narcos: Season 1: The Sword of Simón Bolívar","21/07/2016"
"The Big Bang Theory: Season 8: The Commitment Determination","18/07/2016"
"The Big Bang Theory: Season 8: The Maternal Combustion","18/07/2016"
"The Big Bang Theory: Season 8: The Graduation Transmission","18/07/2016"
"The Big Bang Theory: Season 8: The Communication Deterioration","18/07/2016"
"The Big Bang Theory: Season 8: The Fortification Implementation","18/07/2016"
"The Big Bang Theory: Season 8: The Skywalker Incursion","17/07/2016"
"The Big Bang Theory: Season 8: The Leftover Thermalization","17/07/2016"
"Better Call Saul: Season 2: Klick","17/07/2016"
"Better Call Saul: Season 2: Nailed","17/07/2016"
"Prison Break: Season 4: The Final Break","17/07/2016"
"Life Is Beautiful","15/07/2016"
"The Big Bang Theory: Season 8: The Colonization Application","14/07/2016"
"The Big Bang Theory: Season 8: The Intimacy Acceleration","14/07/2016"
"The Big Bang Theory: Season 8: The Comic Book Store Regeneration","14/07/2016"
"The Big Bang Theory: Season 8: The Troll Manifestation","14/07/2016"
"The Big Bang Theory: Season 8: The Anxiety Optimization","14/07/2016"
"The Big Bang Theory: Season 8: The Space Probe Disintegration","13/07/2016"
"The Big Bang Theory: Season 8: The Champagne Reflection","13/07/2016"
"The Big Bang Theory: Season 8: The Septum Deviation","12/07/2016"
"The Big Bang Theory: Season 8: The Prom Equivalency","11/07/2016"
"Africa: Season 1: Sahara","03/07/2016"
"Africa: Season 1: Cape","03/07/2016"
"Africa: Season 1: Congo","03/07/2016"
"Africa: Season 1: Savannah","02/07/2016"
"Africa: Season 1: Kalahari","02/07/2016"
"Seven Pounds","20/06/2016"
"Better Call Saul: Season 2: Fifi","12/05/2016"
"Better Call Saul: Season 2: Inflatable","12/05/2016"
"Better Call Saul: Season 2: Bali Ha'i","11/05/2016"
"Better Call Saul: Season 2: Rebecca","03/05/2016"
"Better Call Saul: Season 2: Gloves Off","30/04/2016"
"Better Call Saul: Season 2: Amarillo","28/04/2016"
"Better Call Saul: Season 2: Cobbler","28/04/2016"
"Better Call Saul: Season 2: Switch","25/04/2016"
"Better Call Saul: Season 1: Marco","23/04/2016"
"The Big Bang Theory: Season 8: The Misinterpretation Agitation","22/04/2016"
"The Big Bang Theory: Season 8: The Expedition Approximation","22/04/2016"
"The Big Bang Theory: Season 8: The Focus Attenuation","22/04/2016"
"The Big Bang Theory: Season 8: The Hook-Up Reverberation","22/04/2016"
"The Big Bang Theory: Season 8: The First Pitch Insufficiency","22/04/2016"
"Better Call Saul: Season 1: Pimento","22/04/2016"
"Better Call Saul: Season 1: Rico","21/04/2016"
"Better Call Saul: Season 1: Bingo","20/04/2016"
"Better Call Saul: Season 1: Five-O","19/04/2016"
"Auschwitz: The Nazis and the Final Solution: Season 1: Surprising Beginnings","19/04/2016"
